date,collected,hakai_id,line_out_depth,work_area,site_id,lat,long,volume,lugols,species,counts,group,lifeStage,identificationQualifier,identificationRemark
2020-10-08,2020-10-08T16:45:00Z,QPHY1371,5,QUADRA,QU39,50.0307000000001,-125.0992,250,TRUE,Cylindrotheca closterium,240,Bacillariophyta,NA,NA,NA
2020-10-08,2020-10-08T16:45:00Z,QPHY1371,5,QUADRA,QU39,50.0307000000001,-125.0992,250,TRUE,Membraneis challengeri,80,Bacillariophyta,NA,NA,NA
2020-10-08,2020-10-08T16:45:00Z,QPHY1371,5,QUADRA,QU39,50.0307000000001,-125.0992,250,TRUE,Pseudo-nitzschia seriata,40,Bacillariophyta,NA,NA,NA
2020-10-08,2020-10-08T16:45:00Z,QPHY1371,5,QUADRA,QU39,50.0307000000001,-125.0992,250,TRUE,Thalassiosira ,520,Bacillariophyta,NA,spp. Indet.,NA
2020-10-08,2020-10-08T16:45:00Z,QPHY1371,5,QUADRA,QU39,50.0307000000001,-125.0992,250,TRUE,Pterosperma ,10500,Chlorophyta-Prasinophyta,NA,spp. Indet.,NA
2020-10-08,2020-10-08T16:45:00Z,QPHY1371,5,QUADRA,QU39,50.0307000000001,-125.0992,250,TRUE,Pyramimonas grossii,10500,Chlorophyta-Prasinophyta,NA,NA,NA
2020-10-08,2020-10-08T16:45:00Z,QPHY1371,5,QUADRA,QU39,50.0307000000001,-125.0992,250,TRUE,Pyramimonas orientalis,17500,Chlorophyta-Prasinophyta,NA,NA,NA
2020-10-08,2020-10-08T16:45:00Z,QPHY1371,5,QUADRA,QU39,50.0307000000001,-125.0992,250,TRUE,Pyramimonas ,3500,Chlorophyta-Prasinophyta,NA,spp. Indet.,NA
2020-10-08,2020-10-08T16:45:00Z,QPHY1371,5,QUADRA,QU39,50.0307000000001,-125.0992,250,TRUE,Protozoa ,206500,Chlorophyta-Prasinophyta,NA,NA,Cells too small to identify. Stained blue indicating alpha starch and could be Chlorophyta
2020-10-08,2020-10-08T16:45:00Z,QPHY1371,5,QUADRA,QU39,50.0307000000001,-125.0992,250,TRUE,Monosiga marina,3500,Choanoflagellata,NA,NA,NA
2020-10-08,2020-10-08T16:45:00Z,QPHY1371,5,QUADRA,QU39,50.0307000000001,-125.0992,250,TRUE,Parvicorbicula socialis,3500,Choanoflagellata,NA,NA,NA
2020-10-08,2020-10-08T16:45:00Z,QPHY1371,5,QUADRA,QU39,50.0307000000001,-125.0992,250,TRUE,Choanozoa,35000,Choanoflagellata,NA,NA,NA
2020-10-08,2020-10-08T16:45:00Z,QPHY1371,5,QUADRA,QU39,50.0307000000001,-125.0992,250,TRUE,Apidinella spinifera,3500,Chrysophyta,NA,NA,NA
2020-10-08,2020-10-08T16:45:00Z,QPHY1371,5,QUADRA,QU39,50.0307000000001,-125.0992,250,TRUE,Myronecta rubra,480,Ciliophora,NA,NA,NA
2020-10-08,2020-10-08T16:45:00Z,QPHY1371,5,QUADRA,QU39,50.0307000000001,-125.0992,250,TRUE,Tintinnina,40,Ciliophora,NA,NA,NA
2020-10-08,2020-10-08T16:45:00Z,QPHY1371,5,QUADRA,QU39,50.0307000000001,-125.0992,250,TRUE,Hillea ,196000,Cryptophyta,NA,sp. Indet.,NA
2020-10-08,2020-10-08T16:45:00Z,QPHY1371,5,QUADRA,QU39,50.0307000000001,-125.0992,250,TRUE,Teleaulax acuta,3500,Cryptophyta,NA,NA,NA
2020-10-08,2020-10-08T16:45:00Z,QPHY1371,5,QUADRA,QU39,50.0307000000001,-125.0992,250,TRUE,Teleaulax ,182000,Cryptophyta,NA,spp. Indet.,NA
2020-10-08,2020-10-08T16:45:00Z,QPHY1371,5,QUADRA,QU39,50.0307000000001,-125.0992,250,TRUE,Ciliophrys infusionum,200,Dictyochophyta,NA,NA,NA
2020-10-08,2020-10-08T16:45:00Z,QPHY1371,5,QUADRA,QU39,50.0307000000001,-125.0992,250,TRUE,Dictyocha speculum,400,Dictyochophyta,NA,NA,NA
2020-10-08,2020-10-08T16:45:00Z,QPHY1371,5,QUADRA,QU39,50.0307000000001,-125.0992,250,TRUE,Dictyocha ,200,Dictyochophyta,spores,NA,NA
2020-10-08,2020-10-08T16:45:00Z,QPHY1371,5,QUADRA,QU39,50.0307000000001,-125.0992,250,TRUE,Dinophysis acuminata,40,Dinoflagellata,NA,NA,NA
2020-10-08,2020-10-08T16:45:00Z,QPHY1371,5,QUADRA,QU39,50.0307000000001,-125.0992,250,TRUE,Gymnodinium ,600,Dinoflagellata,NA,spp. Indet.,NA
2020-10-08,2020-10-08T16:45:00Z,QPHY1371,5,QUADRA,QU39,50.0307000000001,-125.0992,250,TRUE,Gyrodinium ,280,Dinoflagellata,NA,spp. Indet.,NA
2020-10-08,2020-10-08T16:45:00Z,QPHY1371,5,QUADRA,QU39,50.0307000000001,-125.0992,250,TRUE,Katodinium ,200,Dinoflagellata,NA,spp. Indet.,NA
2020-10-08,2020-10-08T16:45:00Z,QPHY1371,5,QUADRA,QU39,50.0307000000001,-125.0992,250,TRUE,Prorocentrum micans,40,Dinoflagellata,NA,NA,NA
2020-10-08,2020-10-08T16:45:00Z,QPHY1371,5,QUADRA,QU39,50.0307000000001,-125.0992,250,TRUE,Scrippsiella precarea,40,Dinoflagellata,NA,NA,NA
2020-10-08,2020-10-08T16:45:00Z,QPHY1371,5,QUADRA,QU39,50.0307000000001,-125.0992,250,TRUE,Protozoa ,3500,Dinoflagellata,NA,NA,Cells too small to identify. Showed equatorial groove and could be Dinophyceae
2020-10-08,2020-10-08T16:45:00Z,QPHY1371,5,QUADRA,QU39,50.0307000000001,-125.0992,250,TRUE,Ebria tripartita,160,Ebriidea,NA,NA,NA
2020-10-08,2020-10-08T16:45:00Z,QPHY1371,5,QUADRA,QU39,50.0307000000001,-125.0992,250,TRUE,Euglenozoa,80,Euglenophyta,NA,NA,NA
2020-10-08,2020-10-08T16:45:00Z,QPHY1371,5,QUADRA,QU39,50.0307000000001,-125.0992,250,TRUE,Appendicularia,40,Metazoa,NA,NA,NA
2020-10-08,2020-10-08T16:45:00Z,QPHY1371,5,QUADRA,QU39,50.0307000000001,-125.0992,250,TRUE,Copepoda ,80,Metazoa,nauplii,NA,NA
2020-10-08,2020-10-08T16:45:00Z,QPHY1371,5,QUADRA,QU39,50.0307000000001,-125.0992,250,TRUE,Protozoa,409500,Unknown very small flagellated species,NA,NA,NA
2020-10-08,2020-10-08T16:45:00Z,QPHY1371,5,QUADRA,QU39,50.0307000000001,-125.0992,250,TRUE,Pennales,120,Bacillariophyta,NA,NA,NA
2020-10-08,2020-10-08T16:45:00Z,QPHY1371,5,QUADRA,QU39,50.0307000000001,-125.0992,250,TRUE,Skeletonema marinoi,120,Bacillariophyta,NA,NA,NA
2020-10-08,2020-10-08T16:45:00Z,QPHY1371,5,QUADRA,QU39,50.0307000000001,-125.0992,250,TRUE,Oligotrichea,3240,Ciliophora,NA,NA,NA
2020-10-14,2020-10-14T16:39:00Z,QPHY1445,5,QUADRA,QU39,50.0307000000001,-125.0992,250,TRUE,Asterionellopsis glacialis,40,Bacillariophyta,NA,NA,NA
2020-10-14,2020-10-14T16:39:00Z,QPHY1445,5,QUADRA,QU39,50.0307000000001,-125.0992,250,TRUE,Ceratulina pelagica,40,Bacillariophyta,NA,NA,NA
2020-10-14,2020-10-14T16:39:00Z,QPHY1445,5,QUADRA,QU39,50.0307000000001,-125.0992,250,TRUE,Chaetoceros convolutus,120,Bacillariophyta,NA,NA,NA
2020-10-14,2020-10-14T16:39:00Z,QPHY1445,5,QUADRA,QU39,50.0307000000001,-125.0992,250,TRUE,Chetoceros debilis,80,Bacillariophyta,NA,NA,NA
2020-10-14,2020-10-14T16:39:00Z,QPHY1445,5,QUADRA,QU39,50.0307000000001,-125.0992,250,TRUE,Corethron criophillum,160,Bacillariophyta,NA,NA,NA
2020-10-14,2020-10-14T16:39:00Z,QPHY1445,5,QUADRA,QU39,50.0307000000001,-125.0992,250,TRUE,Cylindrotheca closterium,40,Bacillariophyta,NA,NA,NA
2020-10-14,2020-10-14T16:39:00Z,QPHY1445,5,QUADRA,QU39,50.0307000000001,-125.0992,250,TRUE,Dactyliosolen fragilissimus,80,Bacillariophyta,NA,NA,NA
2020-10-14,2020-10-14T16:39:00Z,QPHY1445,5,QUADRA,QU39,50.0307000000001,-125.0992,250,TRUE,Grammatophora ,40,Bacillariophyta,NA,spp. Indet.,NA
2020-10-14,2020-10-14T16:39:00Z,QPHY1445,5,QUADRA,QU39,50.0307000000001,-125.0992,250,TRUE,Pseudo-nitzschia seriata,80,Bacillariophyta,NA,NA,NA
2020-10-14,2020-10-14T16:39:00Z,QPHY1445,5,QUADRA,QU39,50.0307000000001,-125.0992,250,TRUE,Rhizosolenia setigera,1240,Bacillariophyta,NA,NA,NA
2020-10-14,2020-10-14T16:39:00Z,QPHY1445,5,QUADRA,QU39,50.0307000000001,-125.0992,250,TRUE,Thalassionema nitzschioides,80,Bacillariophyta,NA,NA,NA
2020-10-14,2020-10-14T16:39:00Z,QPHY1445,5,QUADRA,QU39,50.0307000000001,-125.0992,250,TRUE,Thalassiosira ,320,Bacillariophyta,NA,spp. Indet.,NA
2020-10-14,2020-10-14T16:39:00Z,QPHY1445,5,QUADRA,QU39,50.0307000000001,-125.0992,250,TRUE,Protozoa ,99178,Chlorophyta-Prasinophyta,NA,NA,Cells too small to identify. Stained blue indicating alpha starch and could be Chlorophyta
2020-10-14,2020-10-14T16:39:00Z,QPHY1445,5,QUADRA,QU39,50.0307000000001,-125.0992,250,TRUE,Choanozoa,40838,Choanoflagellata,NA,NA,NA
2020-10-14,2020-10-14T16:39:00Z,QPHY1445,5,QUADRA,QU39,50.0307000000001,-125.0992,250,TRUE,Myronecta rubra,200,Ciliophora,NA,NA,NA
2020-10-14,2020-10-14T16:39:00Z,QPHY1445,5,QUADRA,QU39,50.0307000000001,-125.0992,250,TRUE,Tintinnina,40,Ciliophora,NA,NA,NA
2020-10-14,2020-10-14T16:39:00Z,QPHY1445,5,QUADRA,QU39,50.0307000000001,-125.0992,250,TRUE,Hillea ,145850,Cryptophyta,NA,sp. Indet.,NA
2020-10-14,2020-10-14T16:39:00Z,QPHY1445,5,QUADRA,QU39,50.0307000000001,-125.0992,250,TRUE,Teleaulax acuta,2917,Cryptophyta,NA,NA,NA
2020-10-14,2020-10-14T16:39:00Z,QPHY1445,5,QUADRA,QU39,50.0307000000001,-125.0992,250,TRUE,Teleaulax ,81676,Cryptophyta,NA,spp. Indet.,NA
2020-10-14,2020-10-14T16:39:00Z,QPHY1445,5,QUADRA,QU39,50.0307000000001,-125.0992,250,TRUE,Dictyocha speculum,520,Dictyochophyta,NA,NA,NA
2020-10-14,2020-10-14T16:39:00Z,QPHY1445,5,QUADRA,QU39,50.0307000000001,-125.0992,250,TRUE,Dictyocha ,40,Dictyochophyta,spores,NA,NA
2020-10-14,2020-10-14T16:39:00Z,QPHY1445,5,QUADRA,QU39,50.0307000000001,-125.0992,250,TRUE,Gymnodinium ,360,Dinoflagellata,NA,spp. Indet.,NA
2020-10-14,2020-10-14T16:39:00Z,QPHY1445,5,QUADRA,QU39,50.0307000000001,-125.0992,250,TRUE,Gyrodinium ,160,Dinoflagellata,NA,spp. Indet.,NA
2020-10-14,2020-10-14T16:39:00Z,QPHY1445,5,QUADRA,QU39,50.0307000000001,-125.0992,250,TRUE,Katodinium ,2917,Dinoflagellata,NA,spp. Indet.,NA
2020-10-14,2020-10-14T16:39:00Z,QPHY1445,5,QUADRA,QU39,50.0307000000001,-125.0992,250,TRUE,Protozoa ,5834,Dinoflagellata,NA,NA,Cells too small to identify. Showed equatorial groove and could be Dinophyceae
2020-10-14,2020-10-14T16:39:00Z,QPHY1445,5,QUADRA,QU39,50.0307000000001,-125.0992,250,TRUE,Copepoda ,40,Metazoa,nauplii,NA,NA
2020-10-14,2020-10-14T16:39:00Z,QPHY1445,5,QUADRA,QU39,50.0307000000001,-125.0992,250,TRUE,Protozoa,449218,Unknown very small flagellated species,NA,NA,NA
2020-10-14,2020-10-14T16:39:00Z,QPHY1445,5,QUADRA,QU39,50.0307000000001,-125.0992,250,TRUE,Pennales,9150,Bacillariophyta,NA,NA,NA
2020-10-14,2020-10-14T16:39:00Z,QPHY1445,5,QUADRA,QU39,50.0307000000001,-125.0992,250,TRUE,Skeletonema marinoi,320,Bacillariophyta,NA,NA,NA
2020-10-14,2020-10-14T16:39:00Z,QPHY1445,5,QUADRA,QU39,50.0307000000001,-125.0992,250,TRUE,Oligotrichea,2720,Ciliophora,NA,NA,NA
2020-10-30,2020-10-30T17:27:00Z,QPHY1447,5,QUADRA,QU39,50.0307000000001,-125.0992,250,TRUE,Chaetoceros convolutus,120,Bacillariophyta,NA,NA,NA
2020-10-30,2020-10-30T17:27:00Z,QPHY1447,5,QUADRA,QU39,50.0307000000001,-125.0992,250,TRUE,Chaetoceros laciniosus,440,Bacillariophyta,NA,NA,NA
2020-10-30,2020-10-30T17:27:00Z,QPHY1447,5,QUADRA,QU39,50.0307000000001,-125.0992,250,TRUE,Corethron criophillum,560,Bacillariophyta,NA,NA,NA
2020-10-30,2020-10-30T17:27:00Z,QPHY1447,5,QUADRA,QU39,50.0307000000001,-125.0992,250,TRUE,Cylindrotheca closterium,120,Bacillariophyta,NA,NA,NA
2020-10-30,2020-10-30T17:27:00Z,QPHY1447,5,QUADRA,QU39,50.0307000000001,-125.0992,250,TRUE,Paralia sulcata,280,Bacillariophyta,NA,NA,NA
2020-10-30,2020-10-30T17:27:00Z,QPHY1447,5,QUADRA,QU39,50.0307000000001,-125.0992,250,TRUE,Pseudo-nitzschia delicatissima,40,Bacillariophyta,NA,NA,NA
2020-10-30,2020-10-30T17:27:00Z,QPHY1447,5,QUADRA,QU39,50.0307000000001,-125.0992,250,TRUE,Thalassiosira ,360,Bacillariophyta,NA,spp. Indet.,NA
2020-10-30,2020-10-30T17:27:00Z,QPHY1447,5,QUADRA,QU39,50.0307000000001,-125.0992,250,TRUE,Pyramimonas orientalis,5250,Chlorophyta-Prasinophyta,NA,NA,NA
2020-10-30,2020-10-30T17:27:00Z,QPHY1447,5,QUADRA,QU39,50.0307000000001,-125.0992,250,TRUE,Protozoa ,57750,Chlorophyta-Prasinophyta,NA,NA,Cells too small to identify. Stained blue indicating alpha starch and could be Chlorophyta
2020-10-30,2020-10-30T17:27:00Z,QPHY1447,5,QUADRA,QU39,50.0307000000001,-125.0992,250,TRUE,Parvicorbicula socialis,1750,Choanoflagellata,NA,NA,NA
2020-10-30,2020-10-30T17:27:00Z,QPHY1447,5,QUADRA,QU39,50.0307000000001,-125.0992,250,TRUE,Choanozoa,15750,Choanoflagellata,NA,NA,NA
2020-10-30,2020-10-30T17:27:00Z,QPHY1447,5,QUADRA,QU39,50.0307000000001,-125.0992,250,TRUE,Dinobryon ,1750,Chrysophyta,NA,spp. Indet.,NA
2020-10-30,2020-10-30T17:27:00Z,QPHY1447,5,QUADRA,QU39,50.0307000000001,-125.0992,250,TRUE,Ochromonas ,1750,Chrysophyta,NA,spp. Indet.,NA
2020-10-30,2020-10-30T17:27:00Z,QPHY1447,5,QUADRA,QU39,50.0307000000001,-125.0992,250,TRUE,Myronecta rubra,280,Ciliophora,NA,NA,NA
2020-10-30,2020-10-30T17:27:00Z,QPHY1447,5,QUADRA,QU39,50.0307000000001,-125.0992,250,TRUE,Tintinnina,80,Ciliophora,NA,NA,NA
2020-10-30,2020-10-30T17:27:00Z,QPHY1447,5,QUADRA,QU39,50.0307000000001,-125.0992,250,TRUE,Hillea ,122500,Cryptophyta,NA,sp. Indet.,NA
2020-10-30,2020-10-30T17:27:00Z,QPHY1447,5,QUADRA,QU39,50.0307000000001,-125.0992,250,TRUE,Teleaulax acuta,7000,Cryptophyta,NA,NA,NA
2020-10-30,2020-10-30T17:27:00Z,QPHY1447,5,QUADRA,QU39,50.0307000000001,-125.0992,250,TRUE,Teleaulax amphioxiae,1750,Cryptophyta,NA,NA,NA
2020-10-30,2020-10-30T17:27:00Z,QPHY1447,5,QUADRA,QU39,50.0307000000001,-125.0992,250,TRUE,Teleaulax ,56000,Cryptophyta,NA,spp. Indet.,NA
2020-10-30,2020-10-30T17:27:00Z,QPHY1447,5,QUADRA,QU39,50.0307000000001,-125.0992,250,TRUE,Ciliophrys infusionum,80,Dictyochophyta,NA,NA,NA
2020-10-30,2020-10-30T17:27:00Z,QPHY1447,5,QUADRA,QU39,50.0307000000001,-125.0992,250,TRUE,Dictyocha speculum,200,Dictyochophyta,NA,NA,NA
2020-10-30,2020-10-30T17:27:00Z,QPHY1447,5,QUADRA,QU39,50.0307000000001,-125.0992,250,TRUE,Dictyocha ,40,Dictyochophyta,spores,NA,NA
2020-10-30,2020-10-30T17:27:00Z,QPHY1447,5,QUADRA,QU39,50.0307000000001,-125.0992,250,TRUE,Gymnodinium ,280,Dinoflagellata,NA,spp. Indet.,NA
2020-10-30,2020-10-30T17:27:00Z,QPHY1447,5,QUADRA,QU39,50.0307000000001,-125.0992,250,TRUE,Gyrodinium ,160,Dinoflagellata,NA,spp. Indet.,NA
2020-10-30,2020-10-30T17:27:00Z,QPHY1447,5,QUADRA,QU39,50.0307000000001,-125.0992,250,TRUE,Katodinium ,160,Dinoflagellata,NA,spp. Indet.,NA
2020-10-30,2020-10-30T17:27:00Z,QPHY1447,5,QUADRA,QU39,50.0307000000001,-125.0992,250,TRUE,Dinophyceae ,40,Dinoflagellata,resting spores,NA,NA
2020-10-30,2020-10-30T17:27:00Z,QPHY1447,5,QUADRA,QU39,50.0307000000001,-125.0992,250,TRUE,Dinophyceae,40,Dinoflagellata,NA,NA,NA
2020-10-30,2020-10-30T17:27:00Z,QPHY1447,5,QUADRA,QU39,50.0307000000001,-125.0992,250,TRUE,Protozoa ,1750,Dinoflagellata,NA,NA,Cells too small to identify. Showed equatorial groove and could be Dinophyceae
2020-10-30,2020-10-30T17:27:00Z,QPHY1447,5,QUADRA,QU39,50.0307000000001,-125.0992,250,TRUE,Copepoda ,40,Metazoa,copepodites,NA,NA
2020-10-30,2020-10-30T17:27:00Z,QPHY1447,5,QUADRA,QU39,50.0307000000001,-125.0992,250,TRUE,Protozoa,250250,Unknown very small flagellated species,NA,NA,NA
2020-10-30,2020-10-30T17:27:00Z,QPHY1447,5,QUADRA,QU39,50.0307000000001,-125.0992,250,TRUE,Biddulphiales,1750,Bacillariophyta,NA,NA,NA
2020-10-30,2020-10-30T17:27:00Z,QPHY1447,5,QUADRA,QU39,50.0307000000001,-125.0992,250,TRUE,Pennales,480,Bacillariophyta,NA,NA,NA
2020-10-30,2020-10-30T17:27:00Z,QPHY1447,5,QUADRA,QU39,50.0307000000001,-125.0992,250,TRUE,Oligotrichea,3120,Ciliophora,NA,NA,NA
2020-11-05,2020-11-05T17:50:00Z,QPHY1448,5,QUADRA,QU39,50.0307000000001,-125.0992,250,TRUE,Achnanthes ,40,Bacillariophyta,NA,spp. Indet.,NA
2020-11-05,2020-11-05T17:50:00Z,QPHY1448,5,QUADRA,QU39,50.0307000000001,-125.0992,250,TRUE,Chetoceros debilis,320,Bacillariophyta,NA,NA,NA
2020-11-05,2020-11-05T17:50:00Z,QPHY1448,5,QUADRA,QU39,50.0307000000001,-125.0992,250,TRUE,Cocconeis ,40,Bacillariophyta,NA,spp. Indet.,NA
2020-11-05,2020-11-05T17:50:00Z,QPHY1448,5,QUADRA,QU39,50.0307000000001,-125.0992,250,TRUE,Corethron criophillum,680,Bacillariophyta,NA,NA,NA
2020-11-05,2020-11-05T17:50:00Z,QPHY1448,5,QUADRA,QU39,50.0307000000001,-125.0992,250,TRUE,Grammatophora ,40,Bacillariophyta,NA,spp. Indet.,NA
2020-11-05,2020-11-05T17:50:00Z,QPHY1448,5,QUADRA,QU39,50.0307000000001,-125.0992,250,TRUE,Licmophora ,200,Bacillariophyta,NA,spp. Indet.,NA
2020-11-05,2020-11-05T17:50:00Z,QPHY1448,5,QUADRA,QU39,50.0307000000001,-125.0992,250,TRUE,Paralia sulcata,80,Bacillariophyta,NA,NA,NA
2020-11-05,2020-11-05T17:50:00Z,QPHY1448,5,QUADRA,QU39,50.0307000000001,-125.0992,250,TRUE,Pseudo-nitzschia delicatissima,80,Bacillariophyta,NA,NA,NA
2020-11-05,2020-11-05T17:50:00Z,QPHY1448,5,QUADRA,QU39,50.0307000000001,-125.0992,250,TRUE,Tabellaria ,80,Bacillariophyta,NA,spp. Indet.,NA
2020-11-05,2020-11-05T17:50:00Z,QPHY1448,5,QUADRA,QU39,50.0307000000001,-125.0992,250,TRUE,Thalassionema nitzschioides,40,Bacillariophyta,NA,NA,NA
2020-11-05,2020-11-05T17:50:00Z,QPHY1448,5,QUADRA,QU39,50.0307000000001,-125.0992,250,TRUE,Thalassiosira rotula,160,Bacillariophyta,NA,NA,NA
2020-11-05,2020-11-05T17:50:00Z,QPHY1448,5,QUADRA,QU39,50.0307000000001,-125.0992,250,TRUE,Thalassiosira ,680,Bacillariophyta,NA,spp. Indet.,NA
2020-11-05,2020-11-05T17:50:00Z,QPHY1448,5,QUADRA,QU39,50.0307000000001,-125.0992,250,TRUE,Pyramimonas grossii,1750,Chlorophyta-Prasinophyta,NA,NA,NA
2020-11-05,2020-11-05T17:50:00Z,QPHY1448,5,QUADRA,QU39,50.0307000000001,-125.0992,250,TRUE,Pyramimonas orientalis,1750,Chlorophyta-Prasinophyta,NA,NA,NA
2020-11-05,2020-11-05T17:50:00Z,QPHY1448,5,QUADRA,QU39,50.0307000000001,-125.0992,250,TRUE,Protozoa ,57750,Chlorophyta-Prasinophyta,NA,NA,Cells too small to identify. Stained blue indicating alpha starch and could be Chlorophyta
2020-11-05,2020-11-05T17:50:00Z,QPHY1448,5,QUADRA,QU39,50.0307000000001,-125.0992,250,TRUE,Choanozoa,14000,Choanoflagellata,NA,NA,NA
2020-11-05,2020-11-05T17:50:00Z,QPHY1448,5,QUADRA,QU39,50.0307000000001,-125.0992,250,TRUE,Myronecta rubra,240,Ciliophora,NA,NA,NA
2020-11-05,2020-11-05T17:50:00Z,QPHY1448,5,QUADRA,QU39,50.0307000000001,-125.0992,250,TRUE,Tintinnina,40,Ciliophora,NA,NA,NA
2020-11-05,2020-11-05T17:50:00Z,QPHY1448,5,QUADRA,QU39,50.0307000000001,-125.0992,250,TRUE,Hillea ,82250,Cryptophyta,NA,sp. Indet.,NA
2020-11-05,2020-11-05T17:50:00Z,QPHY1448,5,QUADRA,QU39,50.0307000000001,-125.0992,250,TRUE,Teleaulax ,56000,Cryptophyta,NA,spp. Indet.,NA
2020-11-05,2020-11-05T17:50:00Z,QPHY1448,5,QUADRA,QU39,50.0307000000001,-125.0992,250,TRUE,Dictyocha speculum,480,Dictyochophyta,NA,NA,NA
2020-11-05,2020-11-05T17:50:00Z,QPHY1448,5,QUADRA,QU39,50.0307000000001,-125.0992,250,TRUE,Gymnodinium ,240,Dinoflagellata,NA,spp. Indet.,NA
2020-11-05,2020-11-05T17:50:00Z,QPHY1448,5,QUADRA,QU39,50.0307000000001,-125.0992,250,TRUE,Gyrodinium ,120,Dinoflagellata,NA,spp. Indet.,NA
2020-11-05,2020-11-05T17:50:00Z,QPHY1448,5,QUADRA,QU39,50.0307000000001,-125.0992,250,TRUE,Katodinium ,1750,Dinoflagellata,NA,spp. Indet.,NA
2020-11-05,2020-11-05T17:50:00Z,QPHY1448,5,QUADRA,QU39,50.0307000000001,-125.0992,250,TRUE,Protoperidinium conicum,40,Dinoflagellata,NA,NA,NA
2020-11-05,2020-11-05T17:50:00Z,QPHY1448,5,QUADRA,QU39,50.0307000000001,-125.0992,250,TRUE,Ebria tripartita,80,Ebriidea,NA,NA,NA
2020-11-05,2020-11-05T17:50:00Z,QPHY1448,5,QUADRA,QU39,50.0307000000001,-125.0992,250,TRUE,Kinetoplastea,1750,Kinetoplastidea,NA,NA,NA
2020-11-05,2020-11-05T17:50:00Z,QPHY1448,5,QUADRA,QU39,50.0307000000001,-125.0992,250,TRUE,Appendicularia,40,Metazoa,NA,NA,NA
2020-11-05,2020-11-05T17:50:00Z,QPHY1448,5,QUADRA,QU39,50.0307000000001,-125.0992,250,TRUE,Copepoda ,40,Metazoa,nauplii,NA,NA
2020-11-05,2020-11-05T17:50:00Z,QPHY1448,5,QUADRA,QU39,50.0307000000001,-125.0992,250,TRUE,Protozoa,131250,Unknown very small flagellated species,NA,NA,NA
2020-11-05,2020-11-05T17:50:00Z,QPHY1448,5,QUADRA,QU39,50.0307000000001,-125.0992,250,TRUE,Biddulphiales,1830,Bacillariophyta,NA,NA,NA
2020-11-05,2020-11-05T17:50:00Z,QPHY1448,5,QUADRA,QU39,50.0307000000001,-125.0992,250,TRUE,Pennales,11820,Bacillariophyta,NA,NA,NA
2020-11-05,2020-11-05T17:50:00Z,QPHY1448,5,QUADRA,QU39,50.0307000000001,-125.0992,250,TRUE,Oligotrichea,1320,Ciliophora,NA,NA,NA
2020-11-10,2020-11-10T17:46:00Z,QPHY1449,5,QUADRA,QU39,50.0307000000001,-125.0992,250,TRUE,Chaetoceros danicus,40,Bacillariophyta,NA,NA,NA
2020-11-10,2020-11-10T17:46:00Z,QPHY1449,5,QUADRA,QU39,50.0307000000001,-125.0992,250,TRUE,Chetoceros debilis,40,Bacillariophyta,NA,NA,NA
2020-11-10,2020-11-10T17:46:00Z,QPHY1449,5,QUADRA,QU39,50.0307000000001,-125.0992,250,TRUE,Chaetoceros decipiens,120,Bacillariophyta,NA,NA,NA
2020-11-10,2020-11-10T17:46:00Z,QPHY1449,5,QUADRA,QU39,50.0307000000001,-125.0992,250,TRUE,Chaetoceros tenuissimus,40,Bacillariophyta,NA,NA,NA
2020-11-10,2020-11-10T17:46:00Z,QPHY1449,5,QUADRA,QU39,50.0307000000001,-125.0992,250,TRUE,Corethron criophillum,360,Bacillariophyta,NA,NA,NA
2020-11-10,2020-11-10T17:46:00Z,QPHY1449,5,QUADRA,QU39,50.0307000000001,-125.0992,250,TRUE,Cylindrotheca closterium,40,Bacillariophyta,NA,NA,NA
2020-11-10,2020-11-10T17:46:00Z,QPHY1449,5,QUADRA,QU39,50.0307000000001,-125.0992,250,TRUE,Ditylum brightwellii,80,Bacillariophyta,NA,NA,NA
2020-11-10,2020-11-10T17:46:00Z,QPHY1449,5,QUADRA,QU39,50.0307000000001,-125.0992,250,TRUE,Pseudo-nitzschia delicatissima,80,Bacillariophyta,NA,NA,NA
2020-11-10,2020-11-10T17:46:00Z,QPHY1449,5,QUADRA,QU39,50.0307000000001,-125.0992,250,TRUE,Pseudo-nitzschia multiseries,40,Bacillariophyta,NA,NA,NA
2020-11-10,2020-11-10T17:46:00Z,QPHY1449,5,QUADRA,QU39,50.0307000000001,-125.0992,250,TRUE,Thalassiosira ,240,Bacillariophyta,NA,spp. Indet.,NA
2020-11-10,2020-11-10T17:46:00Z,QPHY1449,5,QUADRA,QU39,50.0307000000001,-125.0992,250,TRUE,Pyramimonas orientalis,1750,Chlorophyta-Prasinophyta,NA,NA,NA
2020-11-10,2020-11-10T17:46:00Z,QPHY1449,5,QUADRA,QU39,50.0307000000001,-125.0992,250,TRUE,Tetraselmis gracilis,1750,Chlorophyta-Prasinophyta,NA,NA,NA
2020-11-10,2020-11-10T17:46:00Z,QPHY1449,5,QUADRA,QU39,50.0307000000001,-125.0992,250,TRUE,Protozoa ,59500,Chlorophyta-Prasinophyta,NA,NA,Cells too small to identify. Stained blue indicating alpha starch and could be Chlorophyta
2020-11-10,2020-11-10T17:46:00Z,QPHY1449,5,QUADRA,QU39,50.0307000000001,-125.0992,250,TRUE,Choanozoa,15750,Choanoflagellata,NA,NA,NA
2020-11-10,2020-11-10T17:46:00Z,QPHY1449,5,QUADRA,QU39,50.0307000000001,-125.0992,250,TRUE,Apidinella spinifera,1750,Chrysophyta,NA,NA,NA
2020-11-10,2020-11-10T17:46:00Z,QPHY1449,5,QUADRA,QU39,50.0307000000001,-125.0992,250,TRUE,Myronecta rubra,640,Ciliophora,NA,NA,NA
2020-11-10,2020-11-10T17:46:00Z,QPHY1449,5,QUADRA,QU39,50.0307000000001,-125.0992,250,TRUE,Tintinnina,80,Ciliophora,NA,NA,NA
2020-11-10,2020-11-10T17:46:00Z,QPHY1449,5,QUADRA,QU39,50.0307000000001,-125.0992,250,TRUE,Hillea ,143500,Cryptophyta,NA,sp. Indet.,NA
2020-11-10,2020-11-10T17:46:00Z,QPHY1449,5,QUADRA,QU39,50.0307000000001,-125.0992,250,TRUE,Teleaulax ,68250,Cryptophyta,NA,spp. Indet.,NA
2020-11-10,2020-11-10T17:46:00Z,QPHY1449,5,QUADRA,QU39,50.0307000000001,-125.0992,250,TRUE,Ciliophrys infusionum,40,Dictyochophyta,NA,NA,NA
2020-11-10,2020-11-10T17:46:00Z,QPHY1449,5,QUADRA,QU39,50.0307000000001,-125.0992,250,TRUE,Dictyocha speculum,120,Dictyochophyta,NA,NA,NA
2020-11-10,2020-11-10T17:46:00Z,QPHY1449,5,QUADRA,QU39,50.0307000000001,-125.0992,250,TRUE,Dictyocha ,80,Dictyochophyta,spores,NA,NA
2020-11-10,2020-11-10T17:46:00Z,QPHY1449,5,QUADRA,QU39,50.0307000000001,-125.0992,250,TRUE,Dinophysis fortii,40,Dinoflagellata,NA,NA,NA
2020-11-10,2020-11-10T17:46:00Z,QPHY1449,5,QUADRA,QU39,50.0307000000001,-125.0992,250,TRUE,Gymnodinium ,120,Dinoflagellata,NA,spp. Indet.,NA
2020-11-10,2020-11-10T17:46:00Z,QPHY1449,5,QUADRA,QU39,50.0307000000001,-125.0992,250,TRUE,Gyrodinium ,80,Dinoflagellata,NA,spp. Indet.,NA
2020-11-10,2020-11-10T17:46:00Z,QPHY1449,5,QUADRA,QU39,50.0307000000001,-125.0992,250,TRUE,Protoperidinium steinii,40,Dinoflagellata,NA,NA,NA
2020-11-10,2020-11-10T17:46:00Z,QPHY1449,5,QUADRA,QU39,50.0307000000001,-125.0992,250,TRUE,Dinophyceae,40,Dinoflagellata,NA,NA,NA
2020-11-10,2020-11-10T17:46:00Z,QPHY1449,5,QUADRA,QU39,50.0307000000001,-125.0992,250,TRUE,Protozoa ,1750,Dinoflagellata,NA,NA,Cells too small to identify. Showed equatorial groove and could be Dinophyceae
2020-11-10,2020-11-10T17:46:00Z,QPHY1449,5,QUADRA,QU39,50.0307000000001,-125.0992,250,TRUE,Kinetoplastea,1750,Kinetoplastidea,NA,NA,NA
2020-11-10,2020-11-10T17:46:00Z,QPHY1449,5,QUADRA,QU39,50.0307000000001,-125.0992,250,TRUE,Copepoda ,40,Metazoa,copepodites,NA,NA
2020-11-10,2020-11-10T17:46:00Z,QPHY1449,5,QUADRA,QU39,50.0307000000001,-125.0992,250,TRUE,Protozoa,145250,Unknown very small flagellated species,NA,NA,NA
2020-11-10,2020-11-10T17:46:00Z,QPHY1449,5,QUADRA,QU39,50.0307000000001,-125.0992,250,TRUE,Biddulphiales,40,Bacillariophyta,NA,NA,NA
2020-11-10,2020-11-10T17:46:00Z,QPHY1449,5,QUADRA,QU39,50.0307000000001,-125.0992,250,TRUE,Pennales,1950,Bacillariophyta,NA,NA,NA
2020-11-10,2020-11-10T17:46:00Z,QPHY1449,5,QUADRA,QU39,50.0307000000001,-125.0992,250,TRUE,Skeletonema marinoi,800,Bacillariophyta,NA,NA,NA
2020-11-10,2020-11-10T17:46:00Z,QPHY1449,5,QUADRA,QU39,50.0307000000001,-125.0992,250,TRUE,Oligotrichea,1720,Ciliophora,NA,NA,NA
2020-11-19,2020-11-19T18:03:00Z,QPHY1450,5,QUADRA,QU39,50.0307000000001,-125.0992,250,TRUE,Ceratulina bicornis,40,Bacillariophyta,NA,NA,NA
2020-11-19,2020-11-19T18:03:00Z,QPHY1450,5,QUADRA,QU39,50.0307000000001,-125.0992,250,TRUE,Chaetoceros convolutus,240,Bacillariophyta,NA,NA,NA
2020-11-19,2020-11-19T18:03:00Z,QPHY1450,5,QUADRA,QU39,50.0307000000001,-125.0992,250,TRUE,Chetoceros debilis,560,Bacillariophyta,NA,NA,NA
2020-11-19,2020-11-19T18:03:00Z,QPHY1450,5,QUADRA,QU39,50.0307000000001,-125.0992,250,TRUE,Chaetoceros decipiens,40,Bacillariophyta,NA,NA,NA
2020-11-19,2020-11-19T18:03:00Z,QPHY1450,5,QUADRA,QU39,50.0307000000001,-125.0992,250,TRUE,Cocconeis ,40,Bacillariophyta,NA,spp. Indet.,NA
2020-11-19,2020-11-19T18:03:00Z,QPHY1450,5,QUADRA,QU39,50.0307000000001,-125.0992,250,TRUE,Corethron criophillum,120,Bacillariophyta,NA,NA,NA
2020-11-19,2020-11-19T18:03:00Z,QPHY1450,5,QUADRA,QU39,50.0307000000001,-125.0992,250,TRUE,Cylindrotheca closterium,160,Bacillariophyta,NA,NA,NA
2020-11-19,2020-11-19T18:03:00Z,QPHY1450,5,QUADRA,QU39,50.0307000000001,-125.0992,250,TRUE,Ditylum brightwellii,80,Bacillariophyta,NA,NA,NA
2020-11-19,2020-11-19T18:03:00Z,QPHY1450,5,QUADRA,QU39,50.0307000000001,-125.0992,250,TRUE,Eucampia groenlandica,80,Bacillariophyta,NA,NA,NA
2020-11-19,2020-11-19T18:03:00Z,QPHY1450,5,QUADRA,QU39,50.0307000000001,-125.0992,250,TRUE,Eucampia zodiacus,80,Bacillariophyta,NA,NA,NA
2020-11-19,2020-11-19T18:03:00Z,QPHY1450,5,QUADRA,QU39,50.0307000000001,-125.0992,250,TRUE,Licmophora ,80,Bacillariophyta,NA,spp. Indet.,NA
2020-11-19,2020-11-19T18:03:00Z,QPHY1450,5,QUADRA,QU39,50.0307000000001,-125.0992,250,TRUE,Melosira ,80,Bacillariophyta,NA,sp. Indet.,NA
2020-11-19,2020-11-19T18:03:00Z,QPHY1450,5,QUADRA,QU39,50.0307000000001,-125.0992,250,TRUE,Membraneis challengeri,80,Bacillariophyta,NA,NA,NA
2020-11-19,2020-11-19T18:03:00Z,QPHY1450,5,QUADRA,QU39,50.0307000000001,-125.0992,250,TRUE,Pseudo-nitzschia delicatissima,40,Bacillariophyta,NA,NA,NA
2020-11-19,2020-11-19T18:03:00Z,QPHY1450,5,QUADRA,QU39,50.0307000000001,-125.0992,250,TRUE,Pseudo-nitzschia multiseries,80,Bacillariophyta,NA,NA,NA
2020-11-19,2020-11-19T18:03:00Z,QPHY1450,5,QUADRA,QU39,50.0307000000001,-125.0992,250,TRUE,Thalassionema nitzschioides,120,Bacillariophyta,NA,NA,NA
2020-11-19,2020-11-19T18:03:00Z,QPHY1450,5,QUADRA,QU39,50.0307000000001,-125.0992,250,TRUE,Thalassiosira ,640,Bacillariophyta,NA,spp. Indet.,NA
2020-11-19,2020-11-19T18:03:00Z,QPHY1450,5,QUADRA,QU39,50.0307000000001,-125.0992,250,TRUE,Pyramimonas grossii,4666,Chlorophyta-Prasinophyta,NA,NA,NA
2020-11-19,2020-11-19T18:03:00Z,QPHY1450,5,QUADRA,QU39,50.0307000000001,-125.0992,250,TRUE,Pyramimonas orientalis,9333,Chlorophyta-Prasinophyta,NA,NA,NA
2020-11-19,2020-11-19T18:03:00Z,QPHY1450,5,QUADRA,QU39,50.0307000000001,-125.0992,250,TRUE,Protozoa ,86321,Chlorophyta-Prasinophyta,NA,NA,Cells too small to identify. Stained blue indicating alpha starch and could be Chlorophyta
2020-11-19,2020-11-19T18:03:00Z,QPHY1450,5,QUADRA,QU39,50.0307000000001,-125.0992,250,TRUE,Choanozoa,16331,Choanoflagellata,NA,NA,NA
2020-11-19,2020-11-19T18:03:00Z,QPHY1450,5,QUADRA,QU39,50.0307000000001,-125.0992,250,TRUE,Ochromonas ,2333,Chrysophyta,NA,spp. Indet.,NA
2020-11-19,2020-11-19T18:03:00Z,QPHY1450,5,QUADRA,QU39,50.0307000000001,-125.0992,250,TRUE,Myronecta rubra,1600,Ciliophora,NA,NA,NA
2020-11-19,2020-11-19T18:03:00Z,QPHY1450,5,QUADRA,QU39,50.0307000000001,-125.0992,250,TRUE,Tintinnina,200,Ciliophora,NA,NA,NA
2020-11-19,2020-11-19T18:03:00Z,QPHY1450,5,QUADRA,QU39,50.0307000000001,-125.0992,250,TRUE,Hillea ,156311,Cryptophyta,NA,sp. Indet.,NA
2020-11-19,2020-11-19T18:03:00Z,QPHY1450,5,QUADRA,QU39,50.0307000000001,-125.0992,250,TRUE,Teleaulax acuta,16331,Cryptophyta,NA,NA,NA
2020-11-19,2020-11-19T18:03:00Z,QPHY1450,5,QUADRA,QU39,50.0307000000001,-125.0992,250,TRUE,Teleaulax amphioxiae,2333,Cryptophyta,NA,NA,NA
2020-11-19,2020-11-19T18:03:00Z,QPHY1450,5,QUADRA,QU39,50.0307000000001,-125.0992,250,TRUE,Teleaulax ,69990,Cryptophyta,NA,spp. Indet.,NA
2020-11-19,2020-11-19T18:03:00Z,QPHY1450,5,QUADRA,QU39,50.0307000000001,-125.0992,250,TRUE,Ciliophrys infusionum,80,Dictyochophyta,NA,NA,NA
2020-11-19,2020-11-19T18:03:00Z,QPHY1450,5,QUADRA,QU39,50.0307000000001,-125.0992,250,TRUE,Dictyocha speculum,1920,Dictyochophyta,NA,NA,NA
2020-11-19,2020-11-19T18:03:00Z,QPHY1450,5,QUADRA,QU39,50.0307000000001,-125.0992,250,TRUE,Dictyocha ,120,Dictyochophyta,spores,NA,NA
2020-11-19,2020-11-19T18:03:00Z,QPHY1450,5,QUADRA,QU39,50.0307000000001,-125.0992,250,TRUE,Dinophysis acuminata,40,Dinoflagellata,NA,NA,NA
2020-11-19,2020-11-19T18:03:00Z,QPHY1450,5,QUADRA,QU39,50.0307000000001,-125.0992,250,TRUE,Dinophysis acuta,80,Dinoflagellata,NA,NA,NA
2020-11-19,2020-11-19T18:03:00Z,QPHY1450,5,QUADRA,QU39,50.0307000000001,-125.0992,250,TRUE,Gonyaulax ,40,Dinoflagellata,NA,spp. Indet.,NA
2020-11-19,2020-11-19T18:03:00Z,QPHY1450,5,QUADRA,QU39,50.0307000000001,-125.0992,250,TRUE,Gymnodinium ,600,Dinoflagellata,NA,spp. Indet.,NA
2020-11-19,2020-11-19T18:03:00Z,QPHY1450,5,QUADRA,QU39,50.0307000000001,-125.0992,250,TRUE,Gyrodinium ,280,Dinoflagellata,NA,spp. Indet.,NA
2020-11-19,2020-11-19T18:03:00Z,QPHY1450,5,QUADRA,QU39,50.0307000000001,-125.0992,250,TRUE,Katodinium ,80,Dinoflagellata,NA,spp. Indet.,NA
2020-11-19,2020-11-19T18:03:00Z,QPHY1450,5,QUADRA,QU39,50.0307000000001,-125.0992,250,TRUE,Prorocentrum micans,40,Dinoflagellata,NA,NA,NA
2020-11-19,2020-11-19T18:03:00Z,QPHY1450,5,QUADRA,QU39,50.0307000000001,-125.0992,250,TRUE,Dinophyceae ,40,Dinoflagellata,resting spores,NA,NA
2020-11-19,2020-11-19T18:03:00Z,QPHY1450,5,QUADRA,QU39,50.0307000000001,-125.0992,250,TRUE,Dinophyceae,120,Dinoflagellata,NA,NA,NA
2020-11-19,2020-11-19T18:03:00Z,QPHY1450,5,QUADRA,QU39,50.0307000000001,-125.0992,250,TRUE,Protozoa ,9332,Dinoflagellata,NA,NA,Cells too small to identify. Showed equatorial groove and could be Dinophyceae
2020-11-19,2020-11-19T18:03:00Z,QPHY1450,5,QUADRA,QU39,50.0307000000001,-125.0992,250,TRUE,Copepoda ,40,Metazoa,nauplii,NA,NA
2020-11-19,2020-11-19T18:03:00Z,QPHY1450,5,QUADRA,QU39,50.0307000000001,-125.0992,250,TRUE,Protozoa,235633,Unknown very small flagellated species,NA,NA,NA
2020-11-19,2020-11-19T18:03:00Z,QPHY1450,5,QUADRA,QU39,50.0307000000001,-125.0992,250,TRUE,Pennales,3013,Bacillariophyta,NA,NA,NA
2020-11-19,2020-11-19T18:03:00Z,QPHY1450,5,QUADRA,QU39,50.0307000000001,-125.0992,250,TRUE,Oligotrichea,3360,Ciliophora,NA,NA,NA
2020-12-01,2020-12-01T18:06:00Z,QPHY1451,5,QUADRA,QU39,50.0307000000001,-125.0992,250,TRUE,Cocconeis ,80,Bacillariophyta,NA,spp. Indet.,NA
2020-12-01,2020-12-01T18:06:00Z,QPHY1451,5,QUADRA,QU39,50.0307000000001,-125.0992,250,TRUE,Cylindrotheca closterium,80,Bacillariophyta,NA,NA,NA
2020-12-01,2020-12-01T18:06:00Z,QPHY1451,5,QUADRA,QU39,50.0307000000001,-125.0992,250,TRUE,Licmophora ,80,Bacillariophyta,NA,spp. Indet.,NA
2020-12-01,2020-12-01T18:06:00Z,QPHY1451,5,QUADRA,QU39,50.0307000000001,-125.0992,250,TRUE,Rhizosolenia setigera,120,Bacillariophyta,NA,NA,NA
2020-12-01,2020-12-01T18:06:00Z,QPHY1451,5,QUADRA,QU39,50.0307000000001,-125.0992,250,TRUE,Thalassionema nitzschioides,120,Bacillariophyta,NA,NA,NA
2020-12-01,2020-12-01T18:06:00Z,QPHY1451,5,QUADRA,QU39,50.0307000000001,-125.0992,250,TRUE,Thalassiosira rotula,360,Bacillariophyta,NA,NA,NA
2020-12-01,2020-12-01T18:06:00Z,QPHY1451,5,QUADRA,QU39,50.0307000000001,-125.0992,250,TRUE,Thalassiosira ,280,Bacillariophyta,NA,spp. Indet.,NA
2020-12-01,2020-12-01T18:06:00Z,QPHY1451,5,QUADRA,QU39,50.0307000000001,-125.0992,250,TRUE,Pyramimonas grossii,1750,Chlorophyta-Prasinophyta,NA,NA,NA
2020-12-01,2020-12-01T18:06:00Z,QPHY1451,5,QUADRA,QU39,50.0307000000001,-125.0992,250,TRUE,Pyramimonas orientalis,5250,Chlorophyta-Prasinophyta,NA,NA,NA
2020-12-01,2020-12-01T18:06:00Z,QPHY1451,5,QUADRA,QU39,50.0307000000001,-125.0992,250,TRUE,Protozoa ,50750,Chlorophyta-Prasinophyta,NA,NA,Cells too small to identify. Stained blue indicating alpha starch and could be Chlorophyta
2020-12-01,2020-12-01T18:06:00Z,QPHY1451,5,QUADRA,QU39,50.0307000000001,-125.0992,250,TRUE,Monosiga marina,1750,Choanoflagellata,NA,NA,NA
2020-12-01,2020-12-01T18:06:00Z,QPHY1451,5,QUADRA,QU39,50.0307000000001,-125.0992,250,TRUE,Choanozoa,26250,Choanoflagellata,NA,NA,NA
2020-12-01,2020-12-01T18:06:00Z,QPHY1451,5,QUADRA,QU39,50.0307000000001,-125.0992,250,TRUE,Myronecta rubra,1320,Ciliophora,NA,NA,NA
2020-12-01,2020-12-01T18:06:00Z,QPHY1451,5,QUADRA,QU39,50.0307000000001,-125.0992,250,TRUE,Tintinnina,80,Ciliophora,NA,NA,NA
2020-12-01,2020-12-01T18:06:00Z,QPHY1451,5,QUADRA,QU39,50.0307000000001,-125.0992,250,TRUE,Hillea ,101500,Cryptophyta,NA,sp. Indet.,NA
2020-12-01,2020-12-01T18:06:00Z,QPHY1451,5,QUADRA,QU39,50.0307000000001,-125.0992,250,TRUE,Teleaulax acuta,1750,Cryptophyta,NA,NA,NA
2020-12-01,2020-12-01T18:06:00Z,QPHY1451,5,QUADRA,QU39,50.0307000000001,-125.0992,250,TRUE,Teleaulax amphioxiae,3500,Cryptophyta,NA,NA,NA
2020-12-01,2020-12-01T18:06:00Z,QPHY1451,5,QUADRA,QU39,50.0307000000001,-125.0992,250,TRUE,Teleaulax ,19250,Cryptophyta,NA,spp. Indet.,NA
2020-12-01,2020-12-01T18:06:00Z,QPHY1451,5,QUADRA,QU39,50.0307000000001,-125.0992,250,TRUE,Dictyocha speculum,2120,Dictyochophyta,NA,NA,NA
2020-12-01,2020-12-01T18:06:00Z,QPHY1451,5,QUADRA,QU39,50.0307000000001,-125.0992,250,TRUE,Dictyocha ,120,Dictyochophyta,spores,NA,NA
2020-12-01,2020-12-01T18:06:00Z,QPHY1451,5,QUADRA,QU39,50.0307000000001,-125.0992,250,TRUE,Gymnodinium ,480,Dinoflagellata,NA,spp. Indet.,NA
2020-12-01,2020-12-01T18:06:00Z,QPHY1451,5,QUADRA,QU39,50.0307000000001,-125.0992,250,TRUE,Gyrodinium ,400,Dinoflagellata,NA,spp. Indet.,NA
2020-12-01,2020-12-01T18:06:00Z,QPHY1451,5,QUADRA,QU39,50.0307000000001,-125.0992,250,TRUE,Katodinium ,1750,Dinoflagellata,NA,spp. Indet.,NA
2020-12-01,2020-12-01T18:06:00Z,QPHY1451,5,QUADRA,QU39,50.0307000000001,-125.0992,250,TRUE,Protoperidinium ,40,Dinoflagellata,NA,spp. Indet.,NA
2020-12-01,2020-12-01T18:06:00Z,QPHY1451,5,QUADRA,QU39,50.0307000000001,-125.0992,250,TRUE,Dinophyceae ,80,Dinoflagellata,resting spores,NA,NA
2020-12-01,2020-12-01T18:06:00Z,QPHY1451,5,QUADRA,QU39,50.0307000000001,-125.0992,250,TRUE,Protozoa ,3500,Dinoflagellata,NA,NA,Cells too small to identify. Showed equatorial groove and could be Dinophyceae
2020-12-01,2020-12-01T18:06:00Z,QPHY1451,5,QUADRA,QU39,50.0307000000001,-125.0992,250,TRUE,Metromonas simplex,1750,Kinetoplastidea,NA,NA,NA
2020-12-01,2020-12-01T18:06:00Z,QPHY1451,5,QUADRA,QU39,50.0307000000001,-125.0992,250,TRUE,Kinetoplastea,1750,Kinetoplastidea,NA,NA,NA
2020-12-01,2020-12-01T18:06:00Z,QPHY1451,5,QUADRA,QU39,50.0307000000001,-125.0992,250,TRUE,Protozoa,187250,Unknown very small flagellated species,NA,NA,NA
2020-12-01,2020-12-01T18:06:00Z,QPHY1451,5,QUADRA,QU39,50.0307000000001,-125.0992,250,TRUE,Pennales,280,Bacillariophyta,NA,NA,NA
2020-12-01,2020-12-01T18:06:00Z,QPHY1451,5,QUADRA,QU39,50.0307000000001,-125.0992,250,TRUE,Oligotrichea,3680,Ciliophora,NA,NA,NA
2020-12-17,2020-12-17T18:07:00Z,QPHY1454,5,QUADRA,QU39,50.0307000000001,-125.0992,250,TRUE,Achnanthes ,80,Bacillariophyta,NA,spp. Indet.,NA
2020-12-17,2020-12-17T18:07:00Z,QPHY1454,5,QUADRA,QU39,50.0307000000001,-125.0992,250,TRUE,Cylindrotheca closterium,160,Bacillariophyta,NA,NA,NA
2020-12-17,2020-12-17T18:07:00Z,QPHY1454,5,QUADRA,QU39,50.0307000000001,-125.0992,250,TRUE,Ditylum brightwellii,40,Bacillariophyta,NA,NA,NA
2020-12-17,2020-12-17T18:07:00Z,QPHY1454,5,QUADRA,QU39,50.0307000000001,-125.0992,250,TRUE,Licmophora ,120,Bacillariophyta,NA,spp. Indet.,NA
2020-12-17,2020-12-17T18:07:00Z,QPHY1454,5,QUADRA,QU39,50.0307000000001,-125.0992,250,TRUE,Pseudo-nitzschia delicatissima,80,Bacillariophyta,NA,NA,NA
2020-12-17,2020-12-17T18:07:00Z,QPHY1454,5,QUADRA,QU39,50.0307000000001,-125.0992,250,TRUE,Pseudo-nitzschia multiseries,80,Bacillariophyta,NA,NA,NA
2020-12-17,2020-12-17T18:07:00Z,QPHY1454,5,QUADRA,QU39,50.0307000000001,-125.0992,250,TRUE,Rhizosolenia setigera,40,Bacillariophyta,NA,NA,NA
2020-12-17,2020-12-17T18:07:00Z,QPHY1454,5,QUADRA,QU39,50.0307000000001,-125.0992,250,TRUE,Tabellaria ,80,Bacillariophyta,NA,spp. Indet.,NA
2020-12-17,2020-12-17T18:07:00Z,QPHY1454,5,QUADRA,QU39,50.0307000000001,-125.0992,250,TRUE,Pyramimonas grossii,1750,Chlorophyta-Prasinophyta,NA,NA,NA
2020-12-17,2020-12-17T18:07:00Z,QPHY1454,5,QUADRA,QU39,50.0307000000001,-125.0992,250,TRUE,Pyramimonas orientalis,3500,Chlorophyta-Prasinophyta,NA,NA,NA
2020-12-17,2020-12-17T18:07:00Z,QPHY1454,5,QUADRA,QU39,50.0307000000001,-125.0992,250,TRUE,Protozoa ,40250,Chlorophyta-Prasinophyta,NA,NA,Cells too small to identify. Stained blue indicating alpha starch and could be Chlorophyta
2020-12-17,2020-12-17T18:07:00Z,QPHY1454,5,QUADRA,QU39,50.0307000000001,-125.0992,250,TRUE,Parvicorbicula socialis,3500,Choanoflagellata,NA,NA,NA
2020-12-17,2020-12-17T18:07:00Z,QPHY1454,5,QUADRA,QU39,50.0307000000001,-125.0992,250,TRUE,Choanozoa,12250,Choanoflagellata,NA,NA,NA
2020-12-17,2020-12-17T18:07:00Z,QPHY1454,5,QUADRA,QU39,50.0307000000001,-125.0992,250,TRUE,Ochromonas ,1750,Chrysophyta,NA,spp. Indet.,NA
2020-12-17,2020-12-17T18:07:00Z,QPHY1454,5,QUADRA,QU39,50.0307000000001,-125.0992,250,TRUE,Myronecta rubra,560,Ciliophora,NA,NA,NA
2020-12-17,2020-12-17T18:07:00Z,QPHY1454,5,QUADRA,QU39,50.0307000000001,-125.0992,250,TRUE,Tintinnina,80,Ciliophora,NA,NA,NA
2020-12-17,2020-12-17T18:07:00Z,QPHY1454,5,QUADRA,QU39,50.0307000000001,-125.0992,250,TRUE,Hillea ,94500,Cryptophyta,NA,sp. Indet.,NA
2020-12-17,2020-12-17T18:07:00Z,QPHY1454,5,QUADRA,QU39,50.0307000000001,-125.0992,250,TRUE,Teleaulax acuta,24500,Cryptophyta,NA,NA,NA
2020-12-17,2020-12-17T18:07:00Z,QPHY1454,5,QUADRA,QU39,50.0307000000001,-125.0992,250,TRUE,Teleaulax amphioxiae,1750,Cryptophyta,NA,NA,NA
2020-12-17,2020-12-17T18:07:00Z,QPHY1454,5,QUADRA,QU39,50.0307000000001,-125.0992,250,TRUE,Teleaulax ,50750,Cryptophyta,NA,spp. Indet.,NA
2020-12-17,2020-12-17T18:07:00Z,QPHY1454,5,QUADRA,QU39,50.0307000000001,-125.0992,250,TRUE,Dictyocha speculum,160,Dictyochophyta,NA,NA,NA
2020-12-17,2020-12-17T18:07:00Z,QPHY1454,5,QUADRA,QU39,50.0307000000001,-125.0992,250,TRUE,Dictyocha ,40,Dictyochophyta,spores,NA,NA
2020-12-17,2020-12-17T18:07:00Z,QPHY1454,5,QUADRA,QU39,50.0307000000001,-125.0992,250,TRUE,Gymnodinium ,320,Dinoflagellata,NA,spp. Indet.,NA
2020-12-17,2020-12-17T18:07:00Z,QPHY1454,5,QUADRA,QU39,50.0307000000001,-125.0992,250,TRUE,Gyrodinium ,120,Dinoflagellata,NA,spp. Indet.,NA
2020-12-17,2020-12-17T18:07:00Z,QPHY1454,5,QUADRA,QU39,50.0307000000001,-125.0992,250,TRUE,Protozoa ,3500,Dinoflagellata,NA,NA,Cells too small to identify. Showed equatorial groove and could be Dinophyceae
2020-12-17,2020-12-17T18:07:00Z,QPHY1454,5,QUADRA,QU39,50.0307000000001,-125.0992,250,TRUE,Protozoa,147000,Unknown very small flagellated species,NA,NA,NA
2020-12-17,2020-12-17T18:07:00Z,QPHY1454,5,QUADRA,QU39,50.0307000000001,-125.0992,250,TRUE,Biddulphiales,40,Bacillariophyta,NA,NA,NA
2020-12-17,2020-12-17T18:07:00Z,QPHY1454,5,QUADRA,QU39,50.0307000000001,-125.0992,250,TRUE,Pennales,4020,Bacillariophyta,NA,NA,NA
2020-12-17,2020-12-17T18:07:00Z,QPHY1454,5,QUADRA,QU39,50.0307000000001,-125.0992,250,TRUE,Skeletonema marinoi,240,Bacillariophyta,NA,NA,NA
2020-12-17,2020-12-17T18:07:00Z,QPHY1454,5,QUADRA,QU39,50.0307000000001,-125.0992,250,TRUE,Oligotrichea,1160,Ciliophora,NA,NA,NA
