date,collected,hakai_id,line_out_depth,work_area,site_id,lat,long,volume,lugols,species,counts,group
2018-01-10,2018-01-10T17:40:04Z,CPHY404,5,CALVERT,QCS01,51.705,-128.2384,200,TRUE,Chaetoceros seiracanthus,320,Bacillariophyta
2018-01-10,2018-01-10T17:40:04Z,CPHY404,5,CALVERT,QCS01,51.705,-128.2384,200,TRUE,Chaetoceros similis,120,Bacillariophyta
2018-01-10,2018-01-10T17:40:04Z,CPHY404,5,CALVERT,QCS01,51.705,-128.2384,200,TRUE,Cylindrotheca closterium,760,Bacillariophyta
2018-01-10,2018-01-10T17:40:04Z,CPHY404,5,CALVERT,QCS01,51.705,-128.2384,200,TRUE,Paralia sulcata,520,Bacillariophyta
2018-01-10,2018-01-10T17:40:04Z,CPHY404,5,CALVERT,QCS01,51.705,-128.2384,200,TRUE,Pseudo-nitzschia delicatissima,120,Bacillariophyta
2018-01-10,2018-01-10T17:40:04Z,CPHY404,5,CALVERT,QCS01,51.705,-128.2384,200,TRUE,Pseudo-nitzschia multiseries,80,Bacillariophyta
2018-01-10,2018-01-10T17:40:04Z,CPHY404,5,CALVERT,QCS01,51.705,-128.2384,200,TRUE,Pseudo-nitzschia seriata,40,Bacillariophyta
2018-01-10,2018-01-10T17:40:04Z,CPHY404,5,CALVERT,QCS01,51.705,-128.2384,200,TRUE,Rhizosolenia setigera,2280,Bacillariophyta
2018-01-10,2018-01-10T17:40:04Z,CPHY404,5,CALVERT,QCS01,51.705,-128.2384,200,TRUE,Thalassionema nitzschioides,160,Bacillariophyta
2018-01-10,2018-01-10T17:40:04Z,CPHY404,5,CALVERT,QCS01,51.705,-128.2384,200,TRUE,Thalassiosira spp.,320,Bacillariophyta
2018-01-10,2018-01-10T17:40:04Z,CPHY404,5,CALVERT,QCS01,51.705,-128.2384,200,TRUE,"Protozoa (alpha-starch, Chlorophyta?)",10500,Chlorophyta
2018-01-10,2018-01-10T17:40:04Z,CPHY404,5,CALVERT,QCS01,51.705,-128.2384,200,TRUE,Choanozoa,10500,Choanoflagellata
2018-01-10,2018-01-10T17:40:04Z,CPHY404,5,CALVERT,QCS01,51.705,-128.2384,200,TRUE,Dinobryon spp.,40,Chrysophyta
2018-01-10,2018-01-10T17:40:04Z,CPHY404,5,CALVERT,QCS01,51.705,-128.2384,200,TRUE,Myronecta rubra,200,Ciliophora
2018-01-10,2018-01-10T17:40:04Z,CPHY404,5,CALVERT,QCS01,51.705,-128.2384,200,TRUE,Hillea sp.,38500,Cryptophyta
2018-01-10,2018-01-10T17:40:04Z,CPHY404,5,CALVERT,QCS01,51.705,-128.2384,200,TRUE,Teleaulax spp.,8750,Cryptophyta
2018-01-10,2018-01-10T17:40:04Z,CPHY404,5,CALVERT,QCS01,51.705,-128.2384,200,TRUE,Dictyocha speculum,320,Dictyophyta
2018-01-10,2018-01-10T17:40:04Z,CPHY404,5,CALVERT,QCS01,51.705,-128.2384,200,TRUE,Dictyocha spore forms,160,Dictyophyta
2018-01-10,2018-01-10T17:40:04Z,CPHY404,5,CALVERT,QCS01,51.705,-128.2384,200,TRUE,Dinophysis acuminata,40,Dinoflagellata
2018-01-10,2018-01-10T17:40:04Z,CPHY404,5,CALVERT,QCS01,51.705,-128.2384,200,TRUE,Gymnodinium spp.,160,Dinoflagellata
2018-01-10,2018-01-10T17:40:04Z,CPHY404,5,CALVERT,QCS01,51.705,-128.2384,200,TRUE,Gyrodinium spp.,120,Dinoflagellata
2018-01-10,2018-01-10T17:40:04Z,CPHY404,5,CALVERT,QCS01,51.705,-128.2384,200,TRUE,Dinophyceae (resting stages),40,Dinoflagellata
2018-01-10,2018-01-10T17:40:04Z,CPHY404,5,CALVERT,QCS01,51.705,-128.2384,200,TRUE,Dinophyceae,40,Dinoflagellata
2018-01-10,2018-01-10T17:40:04Z,CPHY404,5,CALVERT,QCS01,51.705,-128.2384,200,TRUE,"Protozoa (equatorial groove, Dinophyceae?)",1750,Dinoflagellata
2018-01-10,2018-01-10T17:40:04Z,CPHY404,5,CALVERT,QCS01,51.705,-128.2384,200,TRUE,Euglenozoa,40,Euglenophyta
2018-01-10,2018-01-10T17:40:04Z,CPHY404,5,CALVERT,QCS01,51.705,-128.2384,200,TRUE,Protozoa,89250,Unknown flagellae-bearing cells
2018-01-10,2018-01-10T17:40:04Z,CPHY404,5,CALVERT,QCS01,51.705,-128.2384,200,TRUE,Pennales,160,Bacillariophyta
2018-01-10,2018-01-10T17:40:04Z,CPHY404,5,CALVERT,QCS01,51.705,-128.2384,200,TRUE,Skeletonema marinoi,600,Bacillariophyta
2018-01-10,2018-01-10T17:40:04Z,CPHY404,5,CALVERT,QCS01,51.705,-128.2384,200,TRUE,Chaetoceros spp.,40,Bacillariophyta
2018-01-10,2018-01-10T17:40:04Z,CPHY404,5,CALVERT,QCS01,51.705,-128.2384,200,TRUE,Oligotrichea,520,Ciliophora
2018-03-24,2018-03-24T17:30:48Z,CPHY414,5,CALVERT,QCS01,51.705,-128.2384,250,TRUE,Chetoceros debilis,592,Bacillariophyta
2018-03-24,2018-03-24T17:30:48Z,CPHY414,5,CALVERT,QCS01,51.705,-128.2384,250,TRUE,Chaetoceros laciniosus,518,Bacillariophyta
2018-03-24,2018-03-24T17:30:48Z,CPHY414,5,CALVERT,QCS01,51.705,-128.2384,250,TRUE,Chaetoceros spp. resting stg,222,Bacillariophyta
2018-03-24,2018-03-24T17:30:48Z,CPHY414,5,CALVERT,QCS01,51.705,-128.2384,250,TRUE,Cylindrotheca closterium,2368,Bacillariophyta
2018-03-24,2018-03-24T17:30:48Z,CPHY414,5,CALVERT,QCS01,51.705,-128.2384,250,TRUE,Dactyliosolen fragilissimus,296,Bacillariophyta
2018-03-24,2018-03-24T17:30:48Z,CPHY414,5,CALVERT,QCS01,51.705,-128.2384,250,TRUE,Licmophora spp.,74,Bacillariophyta
2018-03-24,2018-03-24T17:30:48Z,CPHY414,5,CALVERT,QCS01,51.705,-128.2384,250,TRUE,Pseudo-nitzschia delicatissima,148,Bacillariophyta
2018-03-24,2018-03-24T17:30:48Z,CPHY414,5,CALVERT,QCS01,51.705,-128.2384,250,TRUE,Thalassionema nitzschioides,370,Bacillariophyta
2018-03-24,2018-03-24T17:30:48Z,CPHY414,5,CALVERT,QCS01,51.705,-128.2384,250,TRUE,Thalassiosira spp.,1118,Bacillariophyta
2018-03-24,2018-03-24T17:30:48Z,CPHY414,5,CALVERT,QCS01,51.705,-128.2384,250,TRUE,Pyramimonas grossii,7778,Chlorophyta
2018-03-24,2018-03-24T17:30:48Z,CPHY414,5,CALVERT,QCS01,51.705,-128.2384,250,TRUE,Pyramimonas orientalis,27223,Chlorophyta
2018-03-24,2018-03-24T17:30:48Z,CPHY414,5,CALVERT,QCS01,51.705,-128.2384,250,TRUE,Tetraselmis gracilis,7778,Chlorophyta
2018-03-24,2018-03-24T17:30:48Z,CPHY414,5,CALVERT,QCS01,51.705,-128.2384,250,TRUE,"Protozoa (alpha-starch, Chlorophyta?)",62224,Chlorophyta
2018-03-24,2018-03-24T17:30:48Z,CPHY414,5,CALVERT,QCS01,51.705,-128.2384,250,TRUE,Monosiga marina,42779,Choanoflagellata
2018-03-24,2018-03-24T17:30:48Z,CPHY414,5,CALVERT,QCS01,51.705,-128.2384,250,TRUE,Choanozoa,105003,Choanoflagellata
2018-03-24,2018-03-24T17:30:48Z,CPHY414,5,CALVERT,QCS01,51.705,-128.2384,250,TRUE,Apidinella spinifera,3889,Chrysophyta
2018-03-24,2018-03-24T17:30:48Z,CPHY414,5,CALVERT,QCS01,51.705,-128.2384,250,TRUE,Chrysochromulina spp,7778,Chrysophyta
2018-03-24,2018-03-24T17:30:48Z,CPHY414,5,CALVERT,QCS01,51.705,-128.2384,250,TRUE,Elongate form,74,Ciliophora
2018-03-24,2018-03-24T17:30:48Z,CPHY414,5,CALVERT,QCS01,51.705,-128.2384,250,TRUE,Myronecta rubra,2442,Ciliophora
2018-03-24,2018-03-24T17:30:48Z,CPHY414,5,CALVERT,QCS01,51.705,-128.2384,250,TRUE,Hillea sp.,42779,Cryptophyta
2018-03-24,2018-03-24T17:30:48Z,CPHY414,5,CALVERT,QCS01,51.705,-128.2384,250,TRUE,Teleaulax acuta,3889,Cryptophyta
2018-03-24,2018-03-24T17:30:48Z,CPHY414,5,CALVERT,QCS01,51.705,-128.2384,250,TRUE,Teleaulax amphioxiae,3889,Cryptophyta
2018-03-24,2018-03-24T17:30:48Z,CPHY414,5,CALVERT,QCS01,51.705,-128.2384,250,TRUE,Teleaulax spp.,46668,Cryptophyta
2018-03-24,2018-03-24T17:30:48Z,CPHY414,5,CALVERT,QCS01,51.705,-128.2384,250,TRUE,cyanobacteria,7778,NA
2018-03-24,2018-03-24T17:30:48Z,CPHY414,5,CALVERT,QCS01,51.705,-128.2384,250,TRUE,Dictyocha speculum,74,Dictyophyta
2018-03-24,2018-03-24T17:30:48Z,CPHY414,5,CALVERT,QCS01,51.705,-128.2384,250,TRUE,Dictyocha spore forms,296,Dictyophyta
2018-03-24,2018-03-24T17:30:48Z,CPHY414,5,CALVERT,QCS01,51.705,-128.2384,250,TRUE,Gymnodinium spp.,2368,Dinoflagellata
2018-03-24,2018-03-24T17:30:48Z,CPHY414,5,CALVERT,QCS01,51.705,-128.2384,250,TRUE,Gyrodinium spp.,74,Dinoflagellata
2018-03-24,2018-03-24T17:30:48Z,CPHY414,5,CALVERT,QCS01,51.705,-128.2384,250,TRUE,Katodinium spp.,148,Dinoflagellata
2018-03-24,2018-03-24T17:30:48Z,CPHY414,5,CALVERT,QCS01,51.705,-128.2384,250,TRUE,Protoperidinium spp.,74,Dinoflagellata
2018-03-24,2018-03-24T17:30:48Z,CPHY414,5,CALVERT,QCS01,51.705,-128.2384,250,TRUE,Protoperidinium steinii,74,Dinoflagellata
2018-03-24,2018-03-24T17:30:48Z,CPHY414,5,CALVERT,QCS01,51.705,-128.2384,250,TRUE,Dinophyceae (resting stages),1258,Dinoflagellata
2018-03-24,2018-03-24T17:30:48Z,CPHY414,5,CALVERT,QCS01,51.705,-128.2384,250,TRUE,Scrippsiella precarea,4144,Dinoflagellata
2018-03-24,2018-03-24T17:30:48Z,CPHY414,5,CALVERT,QCS01,51.705,-128.2384,250,TRUE,Scrippsiella trochoidea,1036,Dinoflagellata
2018-03-24,2018-03-24T17:30:48Z,CPHY414,5,CALVERT,QCS01,51.705,-128.2384,250,TRUE,Dinophyceae,148,Dinoflagellata
2018-03-24,2018-03-24T17:30:48Z,CPHY414,5,CALVERT,QCS01,51.705,-128.2384,250,TRUE,Ebria tripartita,2886,Ebriidea
2018-03-24,2018-03-24T17:30:48Z,CPHY414,5,CALVERT,QCS01,51.705,-128.2384,250,TRUE,Euglenozoa,962,Euglenophyta
2018-03-24,2018-03-24T17:30:48Z,CPHY414,5,CALVERT,QCS01,51.705,-128.2384,250,TRUE,Protozoa,85558,Unknown flagellae-bearing cells
2018-03-24,2018-03-24T17:30:48Z,CPHY414,5,CALVERT,QCS01,51.705,-128.2384,250,TRUE,Pennales,814,Bacillariophyta
2018-03-24,2018-03-24T17:30:48Z,CPHY414,5,CALVERT,QCS01,51.705,-128.2384,250,TRUE,Skeletonema marinoi,9472,Bacillariophyta
2018-03-24,2018-03-24T17:30:48Z,CPHY414,5,CALVERT,QCS01,51.705,-128.2384,250,TRUE,Chaetoceros tenuissimus,31112,Bacillariophyta
2018-03-24,2018-03-24T17:30:48Z,CPHY414,5,CALVERT,QCS01,51.705,-128.2384,250,TRUE,Chaetoceros spp.,518,Bacillariophyta
2018-03-24,2018-03-24T17:30:48Z,CPHY414,5,CALVERT,QCS01,51.705,-128.2384,250,TRUE,Oligotrichea,11034,Ciliophora
2018-05-29,2018-05-29T17:48:31Z,CPHY437,5,CALVERT,QCS01,51.705,-128.2384,250,TRUE,Bacteriosira spp,623,Bacillariophyta
2018-05-29,2018-05-29T17:48:31Z,CPHY437,5,CALVERT,QCS01,51.705,-128.2384,250,TRUE,Chaetoceros cinctus,356,Bacillariophyta
2018-05-29,2018-05-29T17:48:31Z,CPHY437,5,CALVERT,QCS01,51.705,-128.2384,250,TRUE,Chaetoceros convolutus,356,Bacillariophyta
2018-05-29,2018-05-29T17:48:31Z,CPHY437,5,CALVERT,QCS01,51.705,-128.2384,250,TRUE,Chetoceros debilis,1157,Bacillariophyta
2018-05-29,2018-05-29T17:48:31Z,CPHY437,5,CALVERT,QCS01,51.705,-128.2384,250,TRUE,Chaetoceros radicans,2136,Bacillariophyta
2018-05-29,2018-05-29T17:48:31Z,CPHY437,5,CALVERT,QCS01,51.705,-128.2384,250,TRUE,Chaetoceros socialis,11433,Bacillariophyta
2018-05-29,2018-05-29T17:48:31Z,CPHY437,5,CALVERT,QCS01,51.705,-128.2384,250,TRUE,Cylindrotheca closterium,623,Bacillariophyta
2018-05-29,2018-05-29T17:48:31Z,CPHY437,5,CALVERT,QCS01,51.705,-128.2384,250,TRUE,Dactyliosolen fragilissimus,979,Bacillariophyta
2018-05-29,2018-05-29T17:48:31Z,CPHY437,5,CALVERT,QCS01,51.705,-128.2384,250,TRUE,Dactyliosolen phuketensis,8099,Bacillariophyta
2018-05-29,2018-05-29T17:48:31Z,CPHY437,5,CALVERT,QCS01,51.705,-128.2384,250,TRUE,Guinardia delicatula,267,Bacillariophyta
2018-05-29,2018-05-29T17:48:31Z,CPHY437,5,CALVERT,QCS01,51.705,-128.2384,250,TRUE,Leptocylindrus danicus,1513,Bacillariophyta
2018-05-29,2018-05-29T17:48:31Z,CPHY437,5,CALVERT,QCS01,51.705,-128.2384,250,TRUE,Pseudo-nitzschia delicatissima,1602,Bacillariophyta
2018-05-29,2018-05-29T17:48:31Z,CPHY437,5,CALVERT,QCS01,51.705,-128.2384,250,TRUE,Pseudo-nitzschia multiseries,801,Bacillariophyta
2018-05-29,2018-05-29T17:48:31Z,CPHY437,5,CALVERT,QCS01,51.705,-128.2384,250,TRUE,Pseudo-nitzschia seriata,534,Bacillariophyta
2018-05-29,2018-05-29T17:48:31Z,CPHY437,5,CALVERT,QCS01,51.705,-128.2384,250,TRUE,Thalassionema nitzschioides,89,Bacillariophyta
2018-05-29,2018-05-29T17:48:31Z,CPHY437,5,CALVERT,QCS01,51.705,-128.2384,250,TRUE,Thalassiosira rotula,178,Bacillariophyta
2018-05-29,2018-05-29T17:48:31Z,CPHY437,5,CALVERT,QCS01,51.705,-128.2384,250,TRUE,Thalassiosira spp.,1157,Bacillariophyta
2018-05-29,2018-05-29T17:48:31Z,CPHY437,5,CALVERT,QCS01,51.705,-128.2384,250,TRUE,Pterosperma spp.,3889,Chlorophyta
2018-05-29,2018-05-29T17:48:31Z,CPHY437,5,CALVERT,QCS01,51.705,-128.2384,250,TRUE,Pyramimonas grossii,19445,Chlorophyta
2018-05-29,2018-05-29T17:48:31Z,CPHY437,5,CALVERT,QCS01,51.705,-128.2384,250,TRUE,Pyramimonas orientalis,50557,Chlorophyta
2018-05-29,2018-05-29T17:48:31Z,CPHY437,5,CALVERT,QCS01,51.705,-128.2384,250,TRUE,"Protozoa (alpha-starch, Chlorophyta?)",140004,Chlorophyta
2018-05-29,2018-05-29T17:48:31Z,CPHY437,5,CALVERT,QCS01,51.705,-128.2384,250,TRUE,Choanozoa,31112,Choanoflagellata
2018-05-29,2018-05-29T17:48:31Z,CPHY437,5,CALVERT,QCS01,51.705,-128.2384,250,TRUE,Myronecta rubra,623,Ciliophora
2018-05-29,2018-05-29T17:48:31Z,CPHY437,5,CALVERT,QCS01,51.705,-128.2384,250,TRUE,Tintinnina,178,Ciliophora
2018-05-29,2018-05-29T17:48:31Z,CPHY437,5,CALVERT,QCS01,51.705,-128.2384,250,TRUE,Hillea sp.,198339,Cryptophyta
2018-05-29,2018-05-29T17:48:31Z,CPHY437,5,CALVERT,QCS01,51.705,-128.2384,250,TRUE,Teleaulax acuta,7778,Cryptophyta
2018-05-29,2018-05-29T17:48:31Z,CPHY437,5,CALVERT,QCS01,51.705,-128.2384,250,TRUE,Teleaulax spp.,50557,Cryptophyta
2018-05-29,2018-05-29T17:48:31Z,CPHY437,5,CALVERT,QCS01,51.705,-128.2384,250,TRUE,Dictyocha speculum,356,Dictyophyta
2018-05-29,2018-05-29T17:48:31Z,CPHY437,5,CALVERT,QCS01,51.705,-128.2384,250,TRUE,Dictyocha spore forms,89,Dictyophyta
2018-05-29,2018-05-29T17:48:31Z,CPHY437,5,CALVERT,QCS01,51.705,-128.2384,250,TRUE,Ceratium lineatum,1157,Dinoflagellata
2018-05-29,2018-05-29T17:48:31Z,CPHY437,5,CALVERT,QCS01,51.705,-128.2384,250,TRUE,Dinophysis acuminata,267,Dinoflagellata
2018-05-29,2018-05-29T17:48:31Z,CPHY437,5,CALVERT,QCS01,51.705,-128.2384,250,TRUE,Dinophysis fortii,89,Dinoflagellata
2018-05-29,2018-05-29T17:48:31Z,CPHY437,5,CALVERT,QCS01,51.705,-128.2384,250,TRUE,Gymnodinium spp.,267,Dinoflagellata
2018-05-29,2018-05-29T17:48:31Z,CPHY437,5,CALVERT,QCS01,51.705,-128.2384,250,TRUE,Gyrodinium spp.,445,Dinoflagellata
2018-05-29,2018-05-29T17:48:31Z,CPHY437,5,CALVERT,QCS01,51.705,-128.2384,250,TRUE,Protoperidinium spp.,534,Dinoflagellata
2018-05-29,2018-05-29T17:48:31Z,CPHY437,5,CALVERT,QCS01,51.705,-128.2384,250,TRUE,Scrippsiella precarea,89,Dinoflagellata
2018-05-29,2018-05-29T17:48:31Z,CPHY437,5,CALVERT,QCS01,51.705,-128.2384,250,TRUE,Scrippsiella trochoidea,178,Dinoflagellata
2018-05-29,2018-05-29T17:48:31Z,CPHY437,5,CALVERT,QCS01,51.705,-128.2384,250,TRUE,"Protozoa (equatorial groove, Dinophyceae?)",3889,Dinoflagellata
2018-05-29,2018-05-29T17:48:31Z,CPHY437,5,CALVERT,QCS01,51.705,-128.2384,250,TRUE,Ebria tripartita,1691,Ebriidea
2018-05-29,2018-05-29T17:48:31Z,CPHY437,5,CALVERT,QCS01,51.705,-128.2384,250,TRUE,Euglenozoa,89,Euglenophyta
2018-05-29,2018-05-29T17:48:31Z,CPHY437,5,CALVERT,QCS01,51.705,-128.2384,250,TRUE,Metromonas simplex,3889,Kinetoplastidea
2018-05-29,2018-05-29T17:48:31Z,CPHY437,5,CALVERT,QCS01,51.705,-128.2384,250,TRUE,Telonema subtilis,3889,Kinetoplastidea
2018-05-29,2018-05-29T17:48:31Z,CPHY437,5,CALVERT,QCS01,51.705,-128.2384,250,TRUE,Copepoda (nauplii/ekdysis),356,Metazoa
2018-05-29,2018-05-29T17:48:31Z,CPHY437,5,CALVERT,QCS01,51.705,-128.2384,250,TRUE,Protozoa,303342,Unknown flagellae-bearing cells
2018-05-29,2018-05-29T17:48:31Z,CPHY437,5,CALVERT,QCS01,51.705,-128.2384,250,TRUE,Pennales,712,Bacillariophyta
2018-05-29,2018-05-29T17:48:31Z,CPHY437,5,CALVERT,QCS01,51.705,-128.2384,250,TRUE,Skeletonema marinoi,43374,Bacillariophyta
2018-05-29,2018-05-29T17:48:31Z,CPHY437,5,CALVERT,QCS01,51.705,-128.2384,250,TRUE,Oligotrichea,15700,Ciliophora
2018-04-22,2018-04-22T16:17:42Z,CPHY430,5,CALVERT,QCS01,51.705,-128.2384,250,TRUE,Asterionellopsis glacialis,148,Bacillariophyta
2018-04-22,2018-04-22T16:17:42Z,CPHY430,5,CALVERT,QCS01,51.705,-128.2384,250,TRUE,Bacteriosira spp,1184,Bacillariophyta
2018-04-22,2018-04-22T16:17:42Z,CPHY430,5,CALVERT,QCS01,51.705,-128.2384,250,TRUE,Chaetoceros ceratosporus,74,Bacillariophyta
2018-04-22,2018-04-22T16:17:42Z,CPHY430,5,CALVERT,QCS01,51.705,-128.2384,250,TRUE,Chaetoceros cinctus,1258,Bacillariophyta
2018-04-22,2018-04-22T16:17:42Z,CPHY430,5,CALVERT,QCS01,51.705,-128.2384,250,TRUE,Chetoceros debilis,1406,Bacillariophyta
2018-04-22,2018-04-22T16:17:42Z,CPHY430,5,CALVERT,QCS01,51.705,-128.2384,250,TRUE,Chaetoceros laciniosus,148,Bacillariophyta
2018-04-22,2018-04-22T16:17:42Z,CPHY430,5,CALVERT,QCS01,51.705,-128.2384,250,TRUE,Chaetoceros simplex,74,Bacillariophyta
2018-04-22,2018-04-22T16:17:42Z,CPHY430,5,CALVERT,QCS01,51.705,-128.2384,250,TRUE,Chaetoceros socialis,10000,Bacillariophyta
2018-04-22,2018-04-22T16:17:42Z,CPHY430,5,CALVERT,QCS01,51.705,-128.2384,250,TRUE,Corethron criophillum,296,Bacillariophyta
2018-04-22,2018-04-22T16:17:42Z,CPHY430,5,CALVERT,QCS01,51.705,-128.2384,250,TRUE,Cylindrotheca closterium,1036,Bacillariophyta
2018-04-22,2018-04-22T16:17:42Z,CPHY430,5,CALVERT,QCS01,51.705,-128.2384,250,TRUE,Dactyliosolen fragilissimus,10146,Bacillariophyta
2018-04-22,2018-04-22T16:17:42Z,CPHY430,5,CALVERT,QCS01,51.705,-128.2384,250,TRUE,Dactyliosolen phuketensis,666,Bacillariophyta
2018-04-22,2018-04-22T16:17:42Z,CPHY430,5,CALVERT,QCS01,51.705,-128.2384,250,TRUE,Fragilariopsis spp.,592,Bacillariophyta
2018-04-22,2018-04-22T16:17:42Z,CPHY430,5,CALVERT,QCS01,51.705,-128.2384,250,TRUE,Guinardia delicatula,444,Bacillariophyta
2018-04-22,2018-04-22T16:17:42Z,CPHY430,5,CALVERT,QCS01,51.705,-128.2384,250,TRUE,Leptocylindrus danicus,222,Bacillariophyta
2018-04-22,2018-04-22T16:17:42Z,CPHY430,5,CALVERT,QCS01,51.705,-128.2384,250,TRUE,Pseudo-nitzschia delicatissima,296,Bacillariophyta
2018-04-22,2018-04-22T16:17:42Z,CPHY430,5,CALVERT,QCS01,51.705,-128.2384,250,TRUE,Pseudo-nitzschia multiseries,1110,Bacillariophyta
2018-04-22,2018-04-22T16:17:42Z,CPHY430,5,CALVERT,QCS01,51.705,-128.2384,250,TRUE,Pseudo-nitzschia seriata,1036,Bacillariophyta
2018-04-22,2018-04-22T16:17:42Z,CPHY430,5,CALVERT,QCS01,51.705,-128.2384,250,TRUE,Rhizosolenia setigera,1332,Bacillariophyta
2018-04-22,2018-04-22T16:17:42Z,CPHY430,5,CALVERT,QCS01,51.705,-128.2384,250,TRUE,Thalassionema nitzschioides,370,Bacillariophyta
2018-04-22,2018-04-22T16:17:42Z,CPHY430,5,CALVERT,QCS01,51.705,-128.2384,250,TRUE,Thalassiosira spp.,4884,Bacillariophyta
2018-04-22,2018-04-22T16:17:42Z,CPHY430,5,CALVERT,QCS01,51.705,-128.2384,250,TRUE,Unidentified centric forms,296,Bacillariophyta
2018-04-22,2018-04-22T16:17:42Z,CPHY430,5,CALVERT,QCS01,51.705,-128.2384,250,TRUE,Pyramimonas orientalis,5000,Chlorophyta
2018-04-22,2018-04-22T16:17:42Z,CPHY430,5,CALVERT,QCS01,51.705,-128.2384,250,TRUE,"Protozoa (alpha-starch, Chlorophyta?)",47500,Chlorophyta
2018-04-22,2018-04-22T16:17:42Z,CPHY430,5,CALVERT,QCS01,51.705,-128.2384,250,TRUE,Choanozoa,15000,Choanoflagellata
2018-04-22,2018-04-22T16:17:42Z,CPHY430,5,CALVERT,QCS01,51.705,-128.2384,250,TRUE,Dinobryon spp.,7500,Chrysophyta
2018-04-22,2018-04-22T16:17:42Z,CPHY430,5,CALVERT,QCS01,51.705,-128.2384,250,TRUE,Myronecta rubra,74,Ciliophora
2018-04-22,2018-04-22T16:17:42Z,CPHY430,5,CALVERT,QCS01,51.705,-128.2384,250,TRUE,Tintinnina,296,Ciliophora
2018-04-22,2018-04-22T16:17:42Z,CPHY430,5,CALVERT,QCS01,51.705,-128.2384,250,TRUE,Hillea sp.,65000,Cryptophyta
2018-04-22,2018-04-22T16:17:42Z,CPHY430,5,CALVERT,QCS01,51.705,-128.2384,250,TRUE,Teleaulax spp.,35000,Cryptophyta
2018-04-22,2018-04-22T16:17:42Z,CPHY430,5,CALVERT,QCS01,51.705,-128.2384,250,TRUE,cyanobacteria,37500,NA
2018-04-22,2018-04-22T16:17:42Z,CPHY430,5,CALVERT,QCS01,51.705,-128.2384,250,TRUE,Dictyocha speculum,444,Dictyophyta
2018-04-22,2018-04-22T16:17:42Z,CPHY430,5,CALVERT,QCS01,51.705,-128.2384,250,TRUE,Dictyocha spore forms,148,Dictyophyta
2018-04-22,2018-04-22T16:17:42Z,CPHY430,5,CALVERT,QCS01,51.705,-128.2384,250,TRUE,Dinophysis fortii,74,Dinoflagellata
2018-04-22,2018-04-22T16:17:42Z,CPHY430,5,CALVERT,QCS01,51.705,-128.2384,250,TRUE,Gymnodinium spp.,148,Dinoflagellata
2018-04-22,2018-04-22T16:17:42Z,CPHY430,5,CALVERT,QCS01,51.705,-128.2384,250,TRUE,Gyrodinium spp.,444,Dinoflagellata
2018-04-22,2018-04-22T16:17:42Z,CPHY430,5,CALVERT,QCS01,51.705,-128.2384,250,TRUE,Katodinium spp.,222,Dinoflagellata
2018-04-22,2018-04-22T16:17:42Z,CPHY430,5,CALVERT,QCS01,51.705,-128.2384,250,TRUE,Dinophyceae (resting stages),740,Dinoflagellata
2018-04-22,2018-04-22T16:17:42Z,CPHY430,5,CALVERT,QCS01,51.705,-128.2384,250,TRUE,Scrippsiella precarea,666,Dinoflagellata
2018-04-22,2018-04-22T16:17:42Z,CPHY430,5,CALVERT,QCS01,51.705,-128.2384,250,TRUE,Dinophyceae,148,Dinoflagellata
2018-04-22,2018-04-22T16:17:42Z,CPHY430,5,CALVERT,QCS01,51.705,-128.2384,250,TRUE,"Protozoa (equatorial groove, Dinophyceae?)",12500,Dinoflagellata
2018-04-22,2018-04-22T16:17:42Z,CPHY430,5,CALVERT,QCS01,51.705,-128.2384,250,TRUE,Ebria tripartita,740,Ebriidea
2018-04-22,2018-04-22T16:17:42Z,CPHY430,5,CALVERT,QCS01,51.705,-128.2384,250,TRUE,Euglenozoa,148,Euglenophyta
2018-04-22,2018-04-22T16:17:42Z,CPHY430,5,CALVERT,QCS01,51.705,-128.2384,250,TRUE,Protozoa,90000,Unknown flagellae-bearing cells
2018-04-22,2018-04-22T16:17:42Z,CPHY430,5,CALVERT,QCS01,51.705,-128.2384,250,TRUE,Pennales,6110,Bacillariophyta
2018-04-22,2018-04-22T16:17:42Z,CPHY430,5,CALVERT,QCS01,51.705,-128.2384,250,TRUE,Skeletonema marinoi,23671,Bacillariophyta
2018-04-22,2018-04-22T16:17:42Z,CPHY430,5,CALVERT,QCS01,51.705,-128.2384,250,TRUE,Chaetoceros tenuissimus,7500,Bacillariophyta
2018-04-22,2018-04-22T16:17:42Z,CPHY430,5,CALVERT,QCS01,51.705,-128.2384,250,TRUE,Chaetoceros spp.,962,Bacillariophyta
2018-04-22,2018-04-22T16:17:42Z,CPHY430,5,CALVERT,QCS01,51.705,-128.2384,250,TRUE,Oligotrichea,1702,Ciliophora
2018-07-14,2018-07-14T16:53:55Z,CPHY453,5,CALVERT,QCS01,51.705,-128.2384,250,TRUE,Asterionellopsis glacialis,2160,Bacillariophyta
2018-07-14,2018-07-14T16:53:55Z,CPHY453,5,CALVERT,QCS01,51.705,-128.2384,250,TRUE,Attheya spp.,1750,Bacillariophyta
2018-07-14,2018-07-14T16:53:55Z,CPHY453,5,CALVERT,QCS01,51.705,-128.2384,250,TRUE,Chaetoceros ceratosporus,144,Bacillariophyta
2018-07-14,2018-07-14T16:53:55Z,CPHY453,5,CALVERT,QCS01,51.705,-128.2384,250,TRUE,Chaetoceros cinctus,14112,Bacillariophyta
2018-07-14,2018-07-14T16:53:55Z,CPHY453,5,CALVERT,QCS01,51.705,-128.2384,250,TRUE,Chaetoceros cinctus/radicans resting stg,144,Bacillariophyta
2018-07-14,2018-07-14T16:53:55Z,CPHY453,5,CALVERT,QCS01,51.705,-128.2384,250,TRUE,Chetoceros debilis,16848,Bacillariophyta
2018-07-14,2018-07-14T16:53:55Z,CPHY453,5,CALVERT,QCS01,51.705,-128.2384,250,TRUE,Chaetoceros diadema,1584,Bacillariophyta
2018-07-14,2018-07-14T16:53:55Z,CPHY453,5,CALVERT,QCS01,51.705,-128.2384,250,TRUE,Chaetoceros diadema resting stage,144,Bacillariophyta
2018-07-14,2018-07-14T16:53:55Z,CPHY453,5,CALVERT,QCS01,51.705,-128.2384,250,TRUE,Chaetoceros laciniosus,1152,Bacillariophyta
2018-07-14,2018-07-14T16:53:55Z,CPHY453,5,CALVERT,QCS01,51.705,-128.2384,250,TRUE,Chaetoceros radicans,3744,Bacillariophyta
2018-07-14,2018-07-14T16:53:55Z,CPHY453,5,CALVERT,QCS01,51.705,-128.2384,250,TRUE,Chaetoceros similis,2304,Bacillariophyta
2018-07-14,2018-07-14T16:53:55Z,CPHY453,5,CALVERT,QCS01,51.705,-128.2384,250,TRUE,Chaetoceros socialis,32200,Bacillariophyta
2018-07-14,2018-07-14T16:53:55Z,CPHY453,5,CALVERT,QCS01,51.705,-128.2384,250,TRUE,Corethron criophillum,144,Bacillariophyta
2018-07-14,2018-07-14T16:53:55Z,CPHY453,5,CALVERT,QCS01,51.705,-128.2384,250,TRUE,Cylindrotheca closterium,1728,Bacillariophyta
2018-07-14,2018-07-14T16:53:55Z,CPHY453,5,CALVERT,QCS01,51.705,-128.2384,250,TRUE,Dactyliosolen fragilissimus,432,Bacillariophyta
2018-07-14,2018-07-14T16:53:55Z,CPHY453,5,CALVERT,QCS01,51.705,-128.2384,250,TRUE,Dactyliosolen phuketensis,576,Bacillariophyta
2018-07-14,2018-07-14T16:53:55Z,CPHY453,5,CALVERT,QCS01,51.705,-128.2384,250,TRUE,Leptocylindrus danicus,21400,Bacillariophyta
2018-07-14,2018-07-14T16:53:55Z,CPHY453,5,CALVERT,QCS01,51.705,-128.2384,250,TRUE,Pleurosigma spp.,288,Bacillariophyta
2018-07-14,2018-07-14T16:53:55Z,CPHY453,5,CALVERT,QCS01,51.705,-128.2384,250,TRUE,Pseudo-nitzschia delicatissima,4176,Bacillariophyta
2018-07-14,2018-07-14T16:53:55Z,CPHY453,5,CALVERT,QCS01,51.705,-128.2384,250,TRUE,Pseudo-nitzschia multiseries,3744,Bacillariophyta
2018-07-14,2018-07-14T16:53:55Z,CPHY453,5,CALVERT,QCS01,51.705,-128.2384,250,TRUE,Pseudo-nitzschia seriata,4032,Bacillariophyta
2018-07-14,2018-07-14T16:53:55Z,CPHY453,5,CALVERT,QCS01,51.705,-128.2384,250,TRUE,Rhizosolenia setigera,720,Bacillariophyta
2018-07-14,2018-07-14T16:53:55Z,CPHY453,5,CALVERT,QCS01,51.705,-128.2384,250,TRUE,Thalassionema nitzschioides,1152,Bacillariophyta
2018-07-14,2018-07-14T16:53:55Z,CPHY453,5,CALVERT,QCS01,51.705,-128.2384,250,TRUE,Thalassiosira nordenskioeldii,864,Bacillariophyta
2018-07-14,2018-07-14T16:53:55Z,CPHY453,5,CALVERT,QCS01,51.705,-128.2384,250,TRUE,Thalassiosira rotula,1728,Bacillariophyta
2018-07-14,2018-07-14T16:53:55Z,CPHY453,5,CALVERT,QCS01,51.705,-128.2384,250,TRUE,Thalassiosira spp.,18288,Bacillariophyta
2018-07-14,2018-07-14T16:53:55Z,CPHY453,5,CALVERT,QCS01,51.705,-128.2384,250,TRUE,Pyramimonas orientalis,1750,Chlorophyta
2018-07-14,2018-07-14T16:53:55Z,CPHY453,5,CALVERT,QCS01,51.705,-128.2384,250,TRUE,"Protozoa (alpha-starch, Chlorophyta?)",14000,Chlorophyta
2018-07-14,2018-07-14T16:53:55Z,CPHY453,5,CALVERT,QCS01,51.705,-128.2384,250,TRUE,Choanozoa,14000,Choanoflagellata
2018-07-14,2018-07-14T16:53:55Z,CPHY453,5,CALVERT,QCS01,51.705,-128.2384,250,TRUE,Dinobryon spp.,5250,Chrysophyta
2018-07-14,2018-07-14T16:53:55Z,CPHY453,5,CALVERT,QCS01,51.705,-128.2384,250,TRUE,Myronecta rubra,288,Ciliophora
2018-07-14,2018-07-14T16:53:55Z,CPHY453,5,CALVERT,QCS01,51.705,-128.2384,250,TRUE,Hillea sp.,26250,Cryptophyta
2018-07-14,2018-07-14T16:53:55Z,CPHY453,5,CALVERT,QCS01,51.705,-128.2384,250,TRUE,Teleaulax spp.,14000,Cryptophyta
2018-07-14,2018-07-14T16:53:55Z,CPHY453,5,CALVERT,QCS01,51.705,-128.2384,250,TRUE,cyanobacteria,10500,NA
2018-07-14,2018-07-14T16:53:55Z,CPHY453,5,CALVERT,QCS01,51.705,-128.2384,250,TRUE,Dictyocha speculum,288,Dictyophyta
2018-07-14,2018-07-14T16:53:55Z,CPHY453,5,CALVERT,QCS01,51.705,-128.2384,250,TRUE,Ceratium fusus,144,Dinoflagellata
2018-07-14,2018-07-14T16:53:55Z,CPHY453,5,CALVERT,QCS01,51.705,-128.2384,250,TRUE,Ceratium horridum,576,Dinoflagellata
2018-07-14,2018-07-14T16:53:55Z,CPHY453,5,CALVERT,QCS01,51.705,-128.2384,250,TRUE,Gymnodinium spp.,432,Dinoflagellata
2018-07-14,2018-07-14T16:53:55Z,CPHY453,5,CALVERT,QCS01,51.705,-128.2384,250,TRUE,Gyrodinium spp.,288,Dinoflagellata
2018-07-14,2018-07-14T16:53:55Z,CPHY453,5,CALVERT,QCS01,51.705,-128.2384,250,TRUE,Protoperidinium spp.,288,Dinoflagellata
2018-07-14,2018-07-14T16:53:55Z,CPHY453,5,CALVERT,QCS01,51.705,-128.2384,250,TRUE,Protoperidinium steinii,432,Dinoflagellata
2018-07-14,2018-07-14T16:53:55Z,CPHY453,5,CALVERT,QCS01,51.705,-128.2384,250,TRUE,Scrippsiella trochoidea,144,Dinoflagellata
2018-07-14,2018-07-14T16:53:55Z,CPHY453,5,CALVERT,QCS01,51.705,-128.2384,250,TRUE,Dinophyceae,144,Dinoflagellata
2018-07-14,2018-07-14T16:53:55Z,CPHY453,5,CALVERT,QCS01,51.705,-128.2384,250,TRUE,"Protozoa (equatorial groove, Dinophyceae?)",1750,Dinoflagellata
2018-07-14,2018-07-14T16:53:55Z,CPHY453,5,CALVERT,QCS01,51.705,-128.2384,250,TRUE,Ebria tripartita,288,Ebriidea
2018-07-14,2018-07-14T16:53:55Z,CPHY453,5,CALVERT,QCS01,51.705,-128.2384,250,TRUE,Euglenozoa,144,Euglenophyta
2018-07-14,2018-07-14T16:53:55Z,CPHY453,5,CALVERT,QCS01,51.705,-128.2384,250,TRUE,Protozoa,80500,Unknown flagellae-bearing cells
2018-07-14,2018-07-14T16:53:55Z,CPHY453,5,CALVERT,QCS01,51.705,-128.2384,250,TRUE,Pennales,2182,Bacillariophyta
2018-07-14,2018-07-14T16:53:55Z,CPHY453,5,CALVERT,QCS01,51.705,-128.2384,250,TRUE,Skeletonema marinoi,365304,Bacillariophyta
2018-07-14,2018-07-14T16:53:55Z,CPHY453,5,CALVERT,QCS01,51.705,-128.2384,250,TRUE,Chaetoceros tenuissimus,144,Bacillariophyta
2018-07-14,2018-07-14T16:53:55Z,CPHY453,5,CALVERT,QCS01,51.705,-128.2384,250,TRUE,Chaetoceros spp.,4176,Bacillariophyta
2018-07-14,2018-07-14T16:53:55Z,CPHY453,5,CALVERT,QCS01,51.705,-128.2384,250,TRUE,Oligotrichea,1008,Ciliophora
2018-08-28,2018-08-28T16:44:00Z,CPHY464,5,CALVERT,QCS01,51.705,-128.2384,250,TRUE,Asterionellopsis glacialis,432,Bacillariophyta
2018-08-28,2018-08-28T16:44:00Z,CPHY464,5,CALVERT,QCS01,51.705,-128.2384,250,TRUE,Asteromphallus heptactis,144,Bacillariophyta
2018-08-28,2018-08-28T16:44:00Z,CPHY464,5,CALVERT,QCS01,51.705,-128.2384,250,TRUE,Chaetoceros ceratosporus,144,Bacillariophyta
2018-08-28,2018-08-28T16:44:00Z,CPHY464,5,CALVERT,QCS01,51.705,-128.2384,250,TRUE,Chaetoceros cinctus,3168,Bacillariophyta
2018-08-28,2018-08-28T16:44:00Z,CPHY464,5,CALVERT,QCS01,51.705,-128.2384,250,TRUE,Chaetoceros danicus,144,Bacillariophyta
2018-08-28,2018-08-28T16:44:00Z,CPHY464,5,CALVERT,QCS01,51.705,-128.2384,250,TRUE,Chetoceros debilis,288,Bacillariophyta
2018-08-28,2018-08-28T16:44:00Z,CPHY464,5,CALVERT,QCS01,51.705,-128.2384,250,TRUE,Chaetoceros decipiens,288,Bacillariophyta
2018-08-28,2018-08-28T16:44:00Z,CPHY464,5,CALVERT,QCS01,51.705,-128.2384,250,TRUE,Chaetoceros didymus,1440,Bacillariophyta
2018-08-28,2018-08-28T16:44:00Z,CPHY464,5,CALVERT,QCS01,51.705,-128.2384,250,TRUE,Chaetoceros laciniosus,10368,Bacillariophyta
2018-08-28,2018-08-28T16:44:00Z,CPHY464,5,CALVERT,QCS01,51.705,-128.2384,250,TRUE,Chaetoceros similis,1872,Bacillariophyta
2018-08-28,2018-08-28T16:44:00Z,CPHY464,5,CALVERT,QCS01,51.705,-128.2384,250,TRUE,Chaetoceros socialis,7000,Bacillariophyta
2018-08-28,2018-08-28T16:44:00Z,CPHY464,5,CALVERT,QCS01,51.705,-128.2384,250,TRUE,Corethron criophillum,144,Bacillariophyta
2018-08-28,2018-08-28T16:44:00Z,CPHY464,5,CALVERT,QCS01,51.705,-128.2384,250,TRUE,Cylindrotheca closterium,3600,Bacillariophyta
2018-08-28,2018-08-28T16:44:00Z,CPHY464,5,CALVERT,QCS01,51.705,-128.2384,250,TRUE,Dactyliosolen fragilissimus,864,Bacillariophyta
2018-08-28,2018-08-28T16:44:00Z,CPHY464,5,CALVERT,QCS01,51.705,-128.2384,250,TRUE,Dactyliosolen phuketensis,2736,Bacillariophyta
2018-08-28,2018-08-28T16:44:00Z,CPHY464,5,CALVERT,QCS01,51.705,-128.2384,250,TRUE,Detonula pumila,432,Bacillariophyta
2018-08-28,2018-08-28T16:44:00Z,CPHY464,5,CALVERT,QCS01,51.705,-128.2384,250,TRUE,Ditylum brightwellii,144,Bacillariophyta
2018-08-28,2018-08-28T16:44:00Z,CPHY464,5,CALVERT,QCS01,51.705,-128.2384,250,TRUE,Eucampia groenlandica,144,Bacillariophyta
2018-08-28,2018-08-28T16:44:00Z,CPHY464,5,CALVERT,QCS01,51.705,-128.2384,250,TRUE,Eucampia zodiacus,864,Bacillariophyta
2018-08-28,2018-08-28T16:44:00Z,CPHY464,5,CALVERT,QCS01,51.705,-128.2384,250,TRUE,Guinardia delicatula,2736,Bacillariophyta
2018-08-28,2018-08-28T16:44:00Z,CPHY464,5,CALVERT,QCS01,51.705,-128.2384,250,TRUE,Leptocylindrus danicus,4176,Bacillariophyta
2018-08-28,2018-08-28T16:44:00Z,CPHY464,5,CALVERT,QCS01,51.705,-128.2384,250,TRUE,Pseudo-nitzschia delicatissima,1296,Bacillariophyta
2018-08-28,2018-08-28T16:44:00Z,CPHY464,5,CALVERT,QCS01,51.705,-128.2384,250,TRUE,Pseudo-nitzschia multiseries,432,Bacillariophyta
2018-08-28,2018-08-28T16:44:00Z,CPHY464,5,CALVERT,QCS01,51.705,-128.2384,250,TRUE,Pseudo-nitzschia seriata,17424,Bacillariophyta
2018-08-28,2018-08-28T16:44:00Z,CPHY464,5,CALVERT,QCS01,51.705,-128.2384,250,TRUE,Rhizosolenia setigera,245000,Bacillariophyta
2018-08-28,2018-08-28T16:44:00Z,CPHY464,5,CALVERT,QCS01,51.705,-128.2384,250,TRUE,Stephanopyxis turris,288,Bacillariophyta
2018-08-28,2018-08-28T16:44:00Z,CPHY464,5,CALVERT,QCS01,51.705,-128.2384,250,TRUE,Thalassionema nitzschioides,3456,Bacillariophyta
2018-08-28,2018-08-28T16:44:00Z,CPHY464,5,CALVERT,QCS01,51.705,-128.2384,250,TRUE,Thalassiosira rotula,288,Bacillariophyta
2018-08-28,2018-08-28T16:44:00Z,CPHY464,5,CALVERT,QCS01,51.705,-128.2384,250,TRUE,Thalassiosira spp.,5616,Bacillariophyta
2018-08-28,2018-08-28T16:44:00Z,CPHY464,5,CALVERT,QCS01,51.705,-128.2384,250,TRUE,Pyramimonas orientalis,17500,Chlorophyta
2018-08-28,2018-08-28T16:44:00Z,CPHY464,5,CALVERT,QCS01,51.705,-128.2384,250,TRUE,"Protozoa (alpha-starch, Chlorophyta?)",73500,Chlorophyta
2018-08-28,2018-08-28T16:44:00Z,CPHY464,5,CALVERT,QCS01,51.705,-128.2384,250,TRUE,Choanozoa,42000,Choanoflagellata
2018-08-28,2018-08-28T16:44:00Z,CPHY464,5,CALVERT,QCS01,51.705,-128.2384,250,TRUE,Dinobryon spp.,7000,Chrysophyta
2018-08-28,2018-08-28T16:44:00Z,CPHY464,5,CALVERT,QCS01,51.705,-128.2384,250,TRUE,Myronecta rubra,144,Ciliophora
2018-08-28,2018-08-28T16:44:00Z,CPHY464,5,CALVERT,QCS01,51.705,-128.2384,250,TRUE,Tintinnina,864,Ciliophora
2018-08-28,2018-08-28T16:44:00Z,CPHY464,5,CALVERT,QCS01,51.705,-128.2384,250,TRUE,Hillea sp.,108500,Cryptophyta
2018-08-28,2018-08-28T16:44:00Z,CPHY464,5,CALVERT,QCS01,51.705,-128.2384,250,TRUE,Teleaulax spp.,70000,Cryptophyta
2018-08-28,2018-08-28T16:44:00Z,CPHY464,5,CALVERT,QCS01,51.705,-128.2384,250,TRUE,cyanobacteria,3456,NA
2018-08-28,2018-08-28T16:44:00Z,CPHY464,5,CALVERT,QCS01,51.705,-128.2384,250,TRUE,Dictyocha speculum,864,Dictyophyta
2018-08-28,2018-08-28T16:44:00Z,CPHY464,5,CALVERT,QCS01,51.705,-128.2384,250,TRUE,Dictyocha spore forms,720,Dictyophyta
2018-08-28,2018-08-28T16:44:00Z,CPHY464,5,CALVERT,QCS01,51.705,-128.2384,250,TRUE,Alexandrium catenella,144,Dinoflagellata
2018-08-28,2018-08-28T16:44:00Z,CPHY464,5,CALVERT,QCS01,51.705,-128.2384,250,TRUE,Ceratium lineatum,432,Dinoflagellata
2018-08-28,2018-08-28T16:44:00Z,CPHY464,5,CALVERT,QCS01,51.705,-128.2384,250,TRUE,Ceratium horridum,144,Dinoflagellata
2018-08-28,2018-08-28T16:44:00Z,CPHY464,5,CALVERT,QCS01,51.705,-128.2384,250,TRUE,Dinophysis acuminata,144,Dinoflagellata
2018-08-28,2018-08-28T16:44:00Z,CPHY464,5,CALVERT,QCS01,51.705,-128.2384,250,TRUE,Dinophysis fortii,144,Dinoflagellata
2018-08-28,2018-08-28T16:44:00Z,CPHY464,5,CALVERT,QCS01,51.705,-128.2384,250,TRUE,Gonyaulax spp.,1008,Dinoflagellata
2018-08-28,2018-08-28T16:44:00Z,CPHY464,5,CALVERT,QCS01,51.705,-128.2384,250,TRUE,Gymnodinium spp.,864,Dinoflagellata
2018-08-28,2018-08-28T16:44:00Z,CPHY464,5,CALVERT,QCS01,51.705,-128.2384,250,TRUE,Gyrodinium spp.,288,Dinoflagellata
2018-08-28,2018-08-28T16:44:00Z,CPHY464,5,CALVERT,QCS01,51.705,-128.2384,250,TRUE,Katodinium spp.,864,Dinoflagellata
2018-08-28,2018-08-28T16:44:00Z,CPHY464,5,CALVERT,QCS01,51.705,-128.2384,250,TRUE,Prorocentrum gracilis,432,Dinoflagellata
2018-08-28,2018-08-28T16:44:00Z,CPHY464,5,CALVERT,QCS01,51.705,-128.2384,250,TRUE,Prorocentrum micans,864,Dinoflagellata
2018-08-28,2018-08-28T16:44:00Z,CPHY464,5,CALVERT,QCS01,51.705,-128.2384,250,TRUE,Protoperidinium spp.,1152,Dinoflagellata
2018-08-28,2018-08-28T16:44:00Z,CPHY464,5,CALVERT,QCS01,51.705,-128.2384,250,TRUE,Protoperidinium steinii,288,Dinoflagellata
2018-08-28,2018-08-28T16:44:00Z,CPHY464,5,CALVERT,QCS01,51.705,-128.2384,250,TRUE,Dinophyceae (resting stages),2304,Dinoflagellata
2018-08-28,2018-08-28T16:44:00Z,CPHY464,5,CALVERT,QCS01,51.705,-128.2384,250,TRUE,Scrippsiella precarea,432,Dinoflagellata
2018-08-28,2018-08-28T16:44:00Z,CPHY464,5,CALVERT,QCS01,51.705,-128.2384,250,TRUE,Dinophyceae,576,Dinoflagellata
2018-08-28,2018-08-28T16:44:00Z,CPHY464,5,CALVERT,QCS01,51.705,-128.2384,250,TRUE,"Protozoa (equatorial groove, Dinophyceae?)",3500,Dinoflagellata
2018-08-28,2018-08-28T16:44:00Z,CPHY464,5,CALVERT,QCS01,51.705,-128.2384,250,TRUE,Ebria tripartita,2304,Ebriidea
2018-08-28,2018-08-28T16:44:00Z,CPHY464,5,CALVERT,QCS01,51.705,-128.2384,250,TRUE,Euglenozoa,1584,Euglenophyta
2018-08-28,2018-08-28T16:44:00Z,CPHY464,5,CALVERT,QCS01,51.705,-128.2384,250,TRUE,Telonema subtilis,19445,Kinetoplastidea
2018-08-28,2018-08-28T16:44:00Z,CPHY464,5,CALVERT,QCS01,51.705,-128.2384,250,TRUE,Protozoa,225562,Unknown flagellae-bearing cells
2018-08-28,2018-08-28T16:44:00Z,CPHY464,5,CALVERT,QCS01,51.705,-128.2384,250,TRUE,Pennales,3744,Bacillariophyta
2018-08-28,2018-08-28T16:44:00Z,CPHY464,5,CALVERT,QCS01,51.705,-128.2384,250,TRUE,Skeletonema marinoi,19440,Bacillariophyta
2018-08-28,2018-08-28T16:44:00Z,CPHY464,5,CALVERT,QCS01,51.705,-128.2384,250,TRUE,Chaetoceros tenuissimus,3644,Bacillariophyta
2018-08-28,2018-08-28T16:44:00Z,CPHY464,5,CALVERT,QCS01,51.705,-128.2384,250,TRUE,Chaetoceros spp.,2736,Bacillariophyta
2018-08-28,2018-08-28T16:44:00Z,CPHY464,5,CALVERT,QCS01,51.705,-128.2384,250,TRUE,Oligotrichea,4176,Ciliophora
2018-09-13,2018-09-13T17:05:09Z,CPHY468,5,CALVERT,QCS01,51.705,-128.2384,250,TRUE,Chaetoceros convolutus,222,Bacillariophyta
2018-09-13,2018-09-13T17:05:09Z,CPHY468,5,CALVERT,QCS01,51.705,-128.2384,250,TRUE,Chetoceros debilis,1110,Bacillariophyta
2018-09-13,2018-09-13T17:05:09Z,CPHY468,5,CALVERT,QCS01,51.705,-128.2384,250,TRUE,Chaetoceros laciniosus,148,Bacillariophyta
2018-09-13,2018-09-13T17:05:09Z,CPHY468,5,CALVERT,QCS01,51.705,-128.2384,250,TRUE,Cylindrotheca closterium,1702,Bacillariophyta
2018-09-13,2018-09-13T17:05:09Z,CPHY468,5,CALVERT,QCS01,51.705,-128.2384,250,TRUE,Dactyliosolen fragilissimus,592,Bacillariophyta
2018-09-13,2018-09-13T17:05:09Z,CPHY468,5,CALVERT,QCS01,51.705,-128.2384,250,TRUE,Ditylum brightwellii,222,Bacillariophyta
2018-09-13,2018-09-13T17:05:09Z,CPHY468,5,CALVERT,QCS01,51.705,-128.2384,250,TRUE,Eucampia zodiacus,222,Bacillariophyta
2018-09-13,2018-09-13T17:05:09Z,CPHY468,5,CALVERT,QCS01,51.705,-128.2384,250,TRUE,Guinardia delicatula,370,Bacillariophyta
2018-09-13,2018-09-13T17:05:09Z,CPHY468,5,CALVERT,QCS01,51.705,-128.2384,250,TRUE,Leptocylindrus danicus,518,Bacillariophyta
2018-09-13,2018-09-13T17:05:09Z,CPHY468,5,CALVERT,QCS01,51.705,-128.2384,250,TRUE,Pseudo-nitzschia delicatissima,2368,Bacillariophyta
2018-09-13,2018-09-13T17:05:09Z,CPHY468,5,CALVERT,QCS01,51.705,-128.2384,250,TRUE,Pseudo-nitzschia multiseries,518,Bacillariophyta
2018-09-13,2018-09-13T17:05:09Z,CPHY468,5,CALVERT,QCS01,51.705,-128.2384,250,TRUE,Pseudo-nitzschia seriata,666,Bacillariophyta
2018-09-13,2018-09-13T17:05:09Z,CPHY468,5,CALVERT,QCS01,51.705,-128.2384,250,TRUE,Rhizosolenia setigera,7030,Bacillariophyta
2018-09-13,2018-09-13T17:05:09Z,CPHY468,5,CALVERT,QCS01,51.705,-128.2384,250,TRUE,Thalassionema nitzschioides,888,Bacillariophyta
2018-09-13,2018-09-13T17:05:09Z,CPHY468,5,CALVERT,QCS01,51.705,-128.2384,250,TRUE,Thalassiosira rotula,444,Bacillariophyta
2018-09-13,2018-09-13T17:05:09Z,CPHY468,5,CALVERT,QCS01,51.705,-128.2384,250,TRUE,Thalassiosira spp.,2960,Bacillariophyta
2018-09-13,2018-09-13T17:05:09Z,CPHY468,5,CALVERT,QCS01,51.705,-128.2384,250,TRUE,Unidentified centric forms,74,Bacillariophyta
2018-09-13,2018-09-13T17:05:09Z,CPHY468,5,CALVERT,QCS01,51.705,-128.2384,250,TRUE,Pyramimonas orientalis,19445,Chlorophyta
2018-09-13,2018-09-13T17:05:09Z,CPHY468,5,CALVERT,QCS01,51.705,-128.2384,250,TRUE,"Protozoa (alpha-starch, Chlorophyta?)",50557,Chlorophyta
2018-09-13,2018-09-13T17:05:09Z,CPHY468,5,CALVERT,QCS01,51.705,-128.2384,250,TRUE,Choanozoa,38890,Choanoflagellata
2018-09-13,2018-09-13T17:05:09Z,CPHY468,5,CALVERT,QCS01,51.705,-128.2384,250,TRUE,Apidinella spinifera,3889,Chrysophyta
2018-09-13,2018-09-13T17:05:09Z,CPHY468,5,CALVERT,QCS01,51.705,-128.2384,250,TRUE,Dinobryon spp.,15556,Chrysophyta
2018-09-13,2018-09-13T17:05:09Z,CPHY468,5,CALVERT,QCS01,51.705,-128.2384,250,TRUE,Myronecta rubra,814,Ciliophora
2018-09-13,2018-09-13T17:05:09Z,CPHY468,5,CALVERT,QCS01,51.705,-128.2384,250,TRUE,Tintinnina,370,Ciliophora
2018-09-13,2018-09-13T17:05:09Z,CPHY468,5,CALVERT,QCS01,51.705,-128.2384,250,TRUE,Hillea sp.,221673,Cryptophyta
2018-09-13,2018-09-13T17:05:09Z,CPHY468,5,CALVERT,QCS01,51.705,-128.2384,250,TRUE,Teleaulax acuta,3889,Cryptophyta
2018-09-13,2018-09-13T17:05:09Z,CPHY468,5,CALVERT,QCS01,51.705,-128.2384,250,TRUE,Teleaulax spp.,54446,Cryptophyta
2018-09-13,2018-09-13T17:05:09Z,CPHY468,5,CALVERT,QCS01,51.705,-128.2384,250,TRUE,cyanobacteria,1554,NA
2018-09-13,2018-09-13T17:05:09Z,CPHY468,5,CALVERT,QCS01,51.705,-128.2384,250,TRUE,Dictyocha fibula,74,Dictyophyta
2018-09-13,2018-09-13T17:05:09Z,CPHY468,5,CALVERT,QCS01,51.705,-128.2384,250,TRUE,Dictyocha speculum,1480,Dictyophyta
2018-09-13,2018-09-13T17:05:09Z,CPHY468,5,CALVERT,QCS01,51.705,-128.2384,250,TRUE,Dictyocha spore forms,2664,Dictyophyta
2018-09-13,2018-09-13T17:05:09Z,CPHY468,5,CALVERT,QCS01,51.705,-128.2384,250,TRUE,Ceratium lineatum,222,Dinoflagellata
2018-09-13,2018-09-13T17:05:09Z,CPHY468,5,CALVERT,QCS01,51.705,-128.2384,250,TRUE,Dinophysis sp.,74,Dinoflagellata
2018-09-13,2018-09-13T17:05:09Z,CPHY468,5,CALVERT,QCS01,51.705,-128.2384,250,TRUE,Gymnodinium spp.,1998,Dinoflagellata
2018-09-13,2018-09-13T17:05:09Z,CPHY468,5,CALVERT,QCS01,51.705,-128.2384,250,TRUE,Gyrodinium spp.,814,Dinoflagellata
2018-09-13,2018-09-13T17:05:09Z,CPHY468,5,CALVERT,QCS01,51.705,-128.2384,250,TRUE,Katodinium spp.,74,Dinoflagellata
2018-09-13,2018-09-13T17:05:09Z,CPHY468,5,CALVERT,QCS01,51.705,-128.2384,250,TRUE,Prorocentrum gracilis,222,Dinoflagellata
2018-09-13,2018-09-13T17:05:09Z,CPHY468,5,CALVERT,QCS01,51.705,-128.2384,250,TRUE,Prorocentrum micans,74,Dinoflagellata
2018-09-13,2018-09-13T17:05:09Z,CPHY468,5,CALVERT,QCS01,51.705,-128.2384,250,TRUE,Protoperidinium spp.,148,Dinoflagellata
2018-09-13,2018-09-13T17:05:09Z,CPHY468,5,CALVERT,QCS01,51.705,-128.2384,250,TRUE,Protoperidinium steinii,222,Dinoflagellata
2018-09-13,2018-09-13T17:05:09Z,CPHY468,5,CALVERT,QCS01,51.705,-128.2384,250,TRUE,Dinophyceae (resting stages),296,Dinoflagellata
2018-09-13,2018-09-13T17:05:09Z,CPHY468,5,CALVERT,QCS01,51.705,-128.2384,250,TRUE,Scrippsiella precarea,370,Dinoflagellata
2018-09-13,2018-09-13T17:05:09Z,CPHY468,5,CALVERT,QCS01,51.705,-128.2384,250,TRUE,"Protozoa (equatorial groove, Dinophyceae?)",7778,Dinoflagellata
2018-09-13,2018-09-13T17:05:09Z,CPHY468,5,CALVERT,QCS01,51.705,-128.2384,250,TRUE,Ebria tripartita,1998,Ebriidea
2018-09-13,2018-09-13T17:05:09Z,CPHY468,5,CALVERT,QCS01,51.705,-128.2384,250,TRUE,Euglenozoa,444,Euglenophyta
2018-09-13,2018-09-13T17:05:09Z,CPHY468,5,CALVERT,QCS01,51.705,-128.2384,250,TRUE,Phaeocystis pouchetii,814,Euglenophyta
2018-09-13,2018-09-13T17:05:09Z,CPHY468,5,CALVERT,QCS01,51.705,-128.2384,250,TRUE,Jakobia iberia,3500,Kinetoplastidea
2018-09-13,2018-09-13T17:05:09Z,CPHY468,5,CALVERT,QCS01,51.705,-128.2384,250,TRUE,Metromonas simplex,10500,Kinetoplastidea
2018-09-13,2018-09-13T17:05:09Z,CPHY468,5,CALVERT,QCS01,51.705,-128.2384,250,TRUE,Protozoa,273000,Unknown flagellae-bearing cells
2018-09-13,2018-09-13T17:05:09Z,CPHY468,5,CALVERT,QCS01,51.705,-128.2384,250,TRUE,Pennales,888,Bacillariophyta
2018-09-13,2018-09-13T17:05:09Z,CPHY468,5,CALVERT,QCS01,51.705,-128.2384,250,TRUE,Skeletonema marinoi,14236,Bacillariophyta
2018-09-13,2018-09-13T17:05:09Z,CPHY468,5,CALVERT,QCS01,51.705,-128.2384,250,TRUE,Chaetoceros tenuissimus,15556,Bacillariophyta
2018-09-13,2018-09-13T17:05:09Z,CPHY468,5,CALVERT,QCS01,51.705,-128.2384,250,TRUE,Chaetoceros spp.,148,Bacillariophyta
2018-09-13,2018-09-13T17:05:09Z,CPHY468,5,CALVERT,QCS01,51.705,-128.2384,250,TRUE,Oligotrichea,1776,Ciliophora
